<?xml version="1.0" encoding="UTF-8"?>
<config xmlns="http://www.knime.org/2008/09/XMLConfig" xmlns:xsi="http://www.w3.org/2001/XMLSchema-instance" xsi:schemaLocation="http://www.knime.org/2008/09/XMLConfig http://www.knime.org/XMLConfig_2008_09.xsd" key="MiningSchema">
<config key="learning">
<entry key="array-size" type="xint" value="11"/>
<entry key="0" type="xstring" value="meanfreq"/>
<entry key="1" type="xstring" value="median"/>
<entry key="2" type="xstring" value="Q25"/>
<entry key="3" type="xstring" value="IQR"/>
<entry key="4" type="xstring" value="skew"/>
<entry key="5" type="xstring" value="sp.ent"/>
<entry key="6" type="xstring" value="mode"/>
<entry key="7" type="xstring" value="meanfun"/>
<entry key="8" type="xstring" value="maxfun"/>
<entry key="9" type="xstring" value="meandom"/>
<entry key="10" type="xstring" value="modindx"/>
</config>
<config key="target">
<entry key="array-size" type="xint" value="1"/>
<entry key="0" type="xstring" value="class"/>
</config>
</config>
