<?xml version="1.0" encoding="UTF-8"?>
<config xmlns="http://www.knime.org/2008/09/XMLConfig" xmlns:xsi="http://www.w3.org/2001/XMLSchema-instance" xsi:schemaLocation="http://www.knime.org/2008/09/XMLConfig http://www.knime.org/XMLConfig_2008_09.xsd" key="model.xml">
<entry key="version" type="xint" value="1"/>
<entry key="class_name" type="xstring" value="org.knime.base.node.mine.transformation.port.TransformationPortObject"/>
<config key="model">
<entry key="max_dim_to_reduce_to" type="xint" value="20"/>
<config key="eigenvalues">
<entry key="array-size" type="xint" value="20"/>
<entry key="0" type="xdouble" value="8.980329303604536"/>
<entry key="1" type="xdouble" value="2.328967818365557"/>
<entry key="2" type="xdouble" value="2.211139111823026"/>
<entry key="3" type="xdouble" value="1.5437896450471276"/>
<entry key="4" type="xdouble" value="1.1023018595338185"/>
<entry key="5" type="xdouble" value="0.9301001226590463"/>
<entry key="6" type="xdouble" value="0.6669465418313913"/>
<entry key="7" type="xdouble" value="0.5662884871453631"/>
<entry key="8" type="xdouble" value="0.4852263753459475"/>
<entry key="9" type="xdouble" value="0.3676941653901779"/>
<entry key="10" type="xdouble" value="0.3347744567021919"/>
<entry key="11" type="xdouble" value="0.1731486325032828"/>
<entry key="12" type="xdouble" value="0.14774080380547477"/>
<entry key="13" type="xdouble" value="0.09649675723525082"/>
<entry key="14" type="xdouble" value="0.04513703500791495"/>
<entry key="15" type="xdouble" value="0.012109255426346404"/>
<entry key="16" type="xdouble" value="0.0078096285735288285"/>
<entry key="17" type="xdouble" value="0.0"/>
<entry key="18" type="xdouble" value="0.0"/>
<entry key="19" type="xdouble" value="0.0"/>
</config>
<config key="center">
<entry key="array-size" type="xint" value="20"/>
<entry key="0" type="xdouble" value="5.3771548845504835E-15"/>
<entry key="1" type="xdouble" value="6.808789643208968E-17"/>
<entry key="2" type="xdouble" value="-4.2140498989623465E-15"/>
<entry key="3" type="xdouble" value="1.6523241108679088E-15"/>
<entry key="4" type="xdouble" value="-4.021305857748736E-16"/>
<entry key="5" type="xdouble" value="-2.5413698923060224E-16"/>
<entry key="6" type="xdouble" value="-6.348545820988871E-16"/>
<entry key="7" type="xdouble" value="-2.0564604706618805E-16"/>
<entry key="8" type="xdouble" value="1.2152171630086528E-14"/>
<entry key="9" type="xdouble" value="3.2780852685099227E-15"/>
<entry key="10" type="xdouble" value="3.1696650512613722E-15"/>
<entry key="11" type="xdouble" value="5.3771548845504835E-15"/>
<entry key="12" type="xdouble" value="7.088513803710228E-16"/>
<entry key="13" type="xdouble" value="2.8664137036171766E-15"/>
<entry key="14" type="xdouble" value="4.4854799128440925E-15"/>
<entry key="15" type="xdouble" value="1.2132222310112795E-15"/>
<entry key="16" type="xdouble" value="-6.677601180338222E-16"/>
<entry key="17" type="xdouble" value="1.0303173245129749E-15"/>
<entry key="18" type="xdouble" value="3.3482331490697348E-15"/>
<entry key="19" type="xdouble" value="-8.244273319579776E-16"/>
</config>
<entry key="number_rows" type="xint" value="20"/>
<config key="eigenvector">
<config key="row_0">
<entry key="array-size" type="xint" value="20"/>
<entry key="0" type="xdouble" value="-0.31505601046432574"/>
<entry key="1" type="xdouble" value="0.28316936163155204"/>
<entry key="2" type="xdouble" value="-0.27858635866596465"/>
<entry key="3" type="xdouble" value="-0.30508579413501563"/>
<entry key="4" type="xdouble" value="-0.19326437379110603"/>
<entry key="5" type="xdouble" value="0.24629126832783024"/>
<entry key="6" type="xdouble" value="0.1324998491512851"/>
<entry key="7" type="xdouble" value="0.13447201505371537"/>
<entry key="8" type="xdouble" value="0.22225085830589833"/>
<entry key="9" type="xdouble" value="0.2761613311014348"/>
<entry key="10" type="xdouble" value="-0.24185776324345237"/>
<entry key="11" type="xdouble" value="-0.3150560104643255"/>
<entry key="12" type="xdouble" value="-0.17665256835758392"/>
<entry key="13" type="xdouble" value="-0.15718223549040972"/>
<entry key="14" type="xdouble" value="-0.10579641834340381"/>
<entry key="15" type="xdouble" value="-0.2259609592381677"/>
<entry key="16" type="xdouble" value="-0.09404217517002345"/>
<entry key="17" type="xdouble" value="-0.22378597765450334"/>
<entry key="18" type="xdouble" value="-0.22222812610194367"/>
<entry key="19" type="xdouble" value="0.0795527056791197"/>
</config>
<config key="row_1">
<entry key="array-size" type="xint" value="20"/>
<entry key="0" type="xdouble" value="-0.06995113006605269"/>
<entry key="1" type="xdouble" value="0.11578681365621875"/>
<entry key="2" type="xdouble" value="-0.07400488159778751"/>
<entry key="3" type="xdouble" value="-0.12243908129143385"/>
<entry key="4" type="xdouble" value="0.060834307457852815"/>
<entry key="5" type="xdouble" value="0.17316173723901723"/>
<entry key="6" type="xdouble" value="-0.4575432862903707"/>
<entry key="7" type="xdouble" value="-0.41494077704995613"/>
<entry key="8" type="xdouble" value="0.39347935449715987"/>
<entry key="9" type="xdouble" value="0.24728145783092093"/>
<entry key="10" type="xdouble" value="0.13938377341392322"/>
<entry key="11" type="xdouble" value="-0.06995113006605264"/>
<entry key="12" type="xdouble" value="-0.12394825256482603"/>
<entry key="13" type="xdouble" value="0.06799296015732387"/>
<entry key="14" type="xdouble" value="0.12224146422343815"/>
<entry key="15" type="xdouble" value="0.2636023722580662"/>
<entry key="16" type="xdouble" value="-0.19553578893218845"/>
<entry key="17" type="xdouble" value="0.2834768637267078"/>
<entry key="18" type="xdouble" value="0.2872401346172307"/>
<entry key="19" type="xdouble" value="-0.01462551654500404"/>
</config>
<config key="row_2">
<entry key="array-size" type="xint" value="20"/>
<entry key="0" type="xdouble" value="-0.003384342331861137"/>
<entry key="1" type="xdouble" value="0.14398773346546465"/>
<entry key="2" type="xdouble" value="0.03376020584299649"/>
<entry key="3" type="xdouble" value="-0.12199179683102782"/>
<entry key="4" type="xdouble" value="0.16668922584841367"/>
<entry key="5" type="xdouble" value="0.22949225810709373"/>
<entry key="6" type="xdouble" value="0.3575248836182952"/>
<entry key="7" type="xdouble" value="0.39486676330698606"/>
<entry key="8" type="xdouble" value="-0.08310190607566434"/>
<entry key="9" type="xdouble" value="-0.033123667144375785"/>
<entry key="10" type="xdouble" value="-0.05012879079222193"/>
<entry key="11" type="xdouble" value="-0.0033843423318609313"/>
<entry key="12" type="xdouble" value="-0.06334207028793812"/>
<entry key="13" type="xdouble" value="-0.023752669123463566"/>
<entry key="14" type="xdouble" value="0.33627714837035944"/>
<entry key="15" type="xdouble" value="0.14976755603598363"/>
<entry key="16" type="xdouble" value="-0.2871656547316336"/>
<entry key="17" type="xdouble" value="0.2526959330738344"/>
<entry key="18" type="xdouble" value="0.2581081759848431"/>
<entry key="19" type="xdouble" value="-0.48526575265158445"/>
</config>
<config key="row_3">
<entry key="array-size" type="xint" value="20"/>
<entry key="0" type="xdouble" value="0.22718147968197674"/>
<entry key="1" type="xdouble" value="0.23849304069359162"/>
<entry key="2" type="xdouble" value="0.3330723438879881"/>
<entry key="3" type="xdouble" value="0.030518429910124743"/>
<entry key="4" type="xdouble" value="0.5628038719231537"/>
<entry key="5" type="xdouble" value="0.26720525932161837"/>
<entry key="6" type="xdouble" value="-0.05445662366685912"/>
<entry key="7" type="xdouble" value="-0.017576813732124098"/>
<entry key="8" type="xdouble" value="0.17266995266697038"/>
<entry key="9" type="xdouble" value="0.05556352956108378"/>
<entry key="10" type="xdouble" value="0.18710800740125166"/>
<entry key="11" type="xdouble" value="0.227181479681977"/>
<entry key="12" type="xdouble" value="-0.11250835394133732"/>
<entry key="13" type="xdouble" value="-0.01945552146384596"/>
<entry key="14" type="xdouble" value="0.03010524691276571"/>
<entry key="15" type="xdouble" value="-0.2335954162144853"/>
<entry key="16" type="xdouble" value="-0.14439672117921593"/>
<entry key="17" type="xdouble" value="-0.2998419434347403"/>
<entry key="18" type="xdouble" value="-0.2974193081220956"/>
<entry key="19" type="xdouble" value="0.0311941824798998"/>
</config>
<config key="row_4">
<entry key="array-size" type="xint" value="20"/>
<entry key="0" type="xdouble" value="-0.05699842055374101"/>
<entry key="1" type="xdouble" value="0.03602286026867902"/>
<entry key="2" type="xdouble" value="-0.05738708079530086"/>
<entry key="3" type="xdouble" value="0.012600738804081052"/>
<entry key="4" type="xdouble" value="-0.10428994596463681"/>
<entry key="5" type="xdouble" value="-0.07046221517258654"/>
<entry key="6" type="xdouble" value="-0.07382428249211996"/>
<entry key="7" type="xdouble" value="-0.08695945164512651"/>
<entry key="8" type="xdouble" value="-0.047816117062827554"/>
<entry key="9" type="xdouble" value="0.05590856699167858"/>
<entry key="10" type="xdouble" value="-0.0939754237983174"/>
<entry key="11" type="xdouble" value="-0.05699842055374118"/>
<entry key="12" type="xdouble" value="0.5770433881993645"/>
<entry key="13" type="xdouble" value="0.34182787260000247"/>
<entry key="14" type="xdouble" value="0.5396329404835422"/>
<entry key="15" type="xdouble" value="-0.12479523276726175"/>
<entry key="16" type="xdouble" value="-0.3469222719264542"/>
<entry key="17" type="xdouble" value="-0.17727142109735916"/>
<entry key="18" type="xdouble" value="-0.17107071468162013"/>
<entry key="19" type="xdouble" value="0.0894846659294551"/>
</config>
<config key="row_5">
<entry key="array-size" type="xint" value="20"/>
<entry key="0" type="xdouble" value="-0.046171212752415515"/>
<entry key="1" type="xdouble" value="0.15086145994319503"/>
<entry key="2" type="xdouble" value="-0.00751240918311914"/>
<entry key="3" type="xdouble" value="-0.1864862810323457"/>
<entry key="4" type="xdouble" value="0.12652393184438088"/>
<entry key="5" type="xdouble" value="0.2819284377082375"/>
<entry key="6" type="xdouble" value="0.16046364795666787"/>
<entry key="7" type="xdouble" value="0.18112388970185547"/>
<entry key="8" type="xdouble" value="-0.07131644175842138"/>
<entry key="9" type="xdouble" value="0.007377625513794756"/>
<entry key="10" type="xdouble" value="0.10544289752860563"/>
<entry key="11" type="xdouble" value="-0.046171212752415126"/>
<entry key="12" type="xdouble" value="0.05499497170507071"/>
<entry key="13" type="xdouble" value="0.6829060768930636"/>
<entry key="14" type="xdouble" value="-0.1564466048375127"/>
<entry key="15" type="xdouble" value="0.23375974201490002"/>
<entry key="16" type="xdouble" value="0.2952901477767571"/>
<entry key="17" type="xdouble" value="0.06761133152419559"/>
<entry key="18" type="xdouble" value="0.06227517838558602"/>
<entry key="19" type="xdouble" value="0.35169382937169047"/>
</config>
<config key="row_6">
<entry key="array-size" type="xint" value="20"/>
<entry key="0" type="xdouble" value="-0.0017952189463226824"/>
<entry key="1" type="xdouble" value="-0.18937883537185157"/>
<entry key="2" type="xdouble" value="-0.06971986709892881"/>
<entry key="3" type="xdouble" value="0.004113007263815495"/>
<entry key="4" type="xdouble" value="-0.11428493469172109"/>
<entry key="5" type="xdouble" value="-0.06609016340786272"/>
<entry key="6" type="xdouble" value="-0.01845034882458332"/>
<entry key="7" type="xdouble" value="-0.025471019403398215"/>
<entry key="8" type="xdouble" value="-0.1413359385718374"/>
<entry key="9" type="xdouble" value="-0.2136523344534945"/>
<entry key="10" type="xdouble" value="0.08650107088243612"/>
<entry key="11" type="xdouble" value="-0.0017952189463226798"/>
<entry key="12" type="xdouble" value="-0.36138995068615615"/>
<entry key="13" type="xdouble" value="0.36946645374042814"/>
<entry key="14" type="xdouble" value="-0.3438282086558206"/>
<entry key="15" type="xdouble" value="-0.08701666487330452"/>
<entry key="16" type="xdouble" value="-0.6857003326631295"/>
<entry key="17" type="xdouble" value="-0.052647274469228914"/>
<entry key="18" type="xdouble" value="-0.0401830191599153"/>
<entry key="19" type="xdouble" value="-0.01607596656681165"/>
</config>
<config key="row_7">
<entry key="array-size" type="xint" value="20"/>
<entry key="0" type="xdouble" value="0.08149386920611978"/>
<entry key="1" type="xdouble" value="0.035430950598358366"/>
<entry key="2" type="xdouble" value="0.04999801418616654"/>
<entry key="3" type="xdouble" value="0.06038849265996113"/>
<entry key="4" type="xdouble" value="0.16466630683304076"/>
<entry key="5" type="xdouble" value="0.019131935943221972"/>
<entry key="6" type="xdouble" value="0.08215412627206505"/>
<entry key="7" type="xdouble" value="0.06788144771164913"/>
<entry key="8" type="xdouble" value="-0.0662318191001355"/>
<entry key="9" type="xdouble" value="-0.06757734669019529"/>
<entry key="10" type="xdouble" value="-0.4202063142027377"/>
<entry key="11" type="xdouble" value="0.08149386920612024"/>
<entry key="12" type="xdouble" value="0.0150514779803961"/>
<entry key="13" type="xdouble" value="-0.31981648433509113"/>
<entry key="14" type="xdouble" value="0.012091258146154074"/>
<entry key="15" type="xdouble" value="0.31223709891109425"/>
<entry key="16" type="xdouble" value="-0.32239590343874236"/>
<entry key="17" type="xdouble" value="0.09957019975389957"/>
<entry key="18" type="xdouble" value="0.10551754577900471"/>
<entry key="19" type="xdouble" value="0.6556035623027744"/>
</config>
<config key="row_8">
<entry key="array-size" type="xint" value="20"/>
<entry key="0" type="xdouble" value="-0.02372556400020245"/>
<entry key="1" type="xdouble" value="0.19164802356307575"/>
<entry key="2" type="xdouble" value="0.11591566537659863"/>
<entry key="3" type="xdouble" value="-0.016479928963453697"/>
<entry key="4" type="xdouble" value="0.009397353112958412"/>
<entry key="5" type="xdouble" value="0.023956403128337887"/>
<entry key="6" type="xdouble" value="0.0458080452494412"/>
<entry key="7" type="xdouble" value="0.043391147752165994"/>
<entry key="8" type="xdouble" value="-0.041832587565464"/>
<entry key="9" type="xdouble" value="0.20525878877352716"/>
<entry key="10" type="xdouble" value="0.20669550704248638"/>
<entry key="11" type="xdouble" value="-0.023725564000202377"/>
<entry key="12" type="xdouble" value="0.6155440333009029"/>
<entry key="13" type="xdouble" value="-0.16517344131439277"/>
<entry key="14" type="xdouble" value="-0.5846611004123392"/>
<entry key="15" type="xdouble" value="-0.07423637259775182"/>
<entry key="16" type="xdouble" value="-0.22957457074247117"/>
<entry key="17" type="xdouble" value="0.1461495457814895"/>
<entry key="18" type="xdouble" value="0.15043725653624018"/>
<entry key="19" type="xdouble" value="-0.08353286025345431"/>
</config>
<config key="row_9">
<entry key="array-size" type="xint" value="20"/>
<entry key="0" type="xdouble" value="-0.04332295408824533"/>
<entry key="1" type="xdouble" value="-0.04262301599005788"/>
<entry key="2" type="xdouble" value="0.03701923164523662"/>
<entry key="3" type="xdouble" value="0.03625202026943038"/>
<entry key="4" type="xdouble" value="-0.23419592532060302"/>
<entry key="5" type="xdouble" value="-0.16736021213240576"/>
<entry key="6" type="xdouble" value="0.2072930847721731"/>
<entry key="7" type="xdouble" value="0.24153370052289777"/>
<entry key="8" type="xdouble" value="0.11605314269371338"/>
<entry key="9" type="xdouble" value="0.1698579610093702"/>
<entry key="10" type="xdouble" value="0.7239659778772775"/>
<entry key="11" type="xdouble" value="-0.04332295408824527"/>
<entry key="12" type="xdouble" value="-0.09836248790243485"/>
<entry key="13" type="xdouble" value="-0.1857558253365199"/>
<entry key="14" type="xdouble" value="0.2155714021159859"/>
<entry key="15" type="xdouble" value="0.2056416273256469"/>
<entry key="16" type="xdouble" value="-0.11551813997675865"/>
<entry key="17" type="xdouble" value="-0.07586507991887369"/>
<entry key="18" type="xdouble" value="-0.0738121551197154"/>
<entry key="19" type="xdouble" value="0.2892125007582615"/>
</config>
<config key="row_10">
<entry key="array-size" type="xint" value="20"/>
<entry key="0" type="xdouble" value="0.10789027931686052"/>
<entry key="1" type="xdouble" value="0.03231939126924909"/>
<entry key="2" type="xdouble" value="0.08832253748086931"/>
<entry key="3" type="xdouble" value="0.36460719300749067"/>
<entry key="4" type="xdouble" value="0.0033874810133421415"/>
<entry key="5" type="xdouble" value="-0.41655297082823606"/>
<entry key="6" type="xdouble" value="0.16910728790900476"/>
<entry key="7" type="xdouble" value="0.20319869366860754"/>
<entry key="8" type="xdouble" value="0.43985885196885155"/>
<entry key="9" type="xdouble" value="0.4594174192619436"/>
<entry key="10" type="xdouble" value="-0.28183436151543295"/>
<entry key="11" type="xdouble" value="0.10789027931686036"/>
<entry key="12" type="xdouble" value="-0.08785498138749973"/>
<entry key="13" type="xdouble" value="0.28689371152535514"/>
<entry key="14" type="xdouble" value="-0.09305481858654763"/>
<entry key="15" type="xdouble" value="0.027804677017904084"/>
<entry key="16" type="xdouble" value="-0.01662931222299684"/>
<entry key="17" type="xdouble" value="0.03142700288147682"/>
<entry key="18" type="xdouble" value="0.031752172679923904"/>
<entry key="19" type="xdouble" value="-0.07628071849323527"/>
</config>
<config key="row_11">
<entry key="array-size" type="xint" value="20"/>
<entry key="0" type="xdouble" value="-0.0026803823334555932"/>
<entry key="1" type="xdouble" value="0.06202330939580687"/>
<entry key="2" type="xdouble" value="0.12775783651579276"/>
<entry key="3" type="xdouble" value="0.00235506772430932"/>
<entry key="4" type="xdouble" value="-0.05370413539935767"/>
<entry key="5" type="xdouble" value="-0.03154129701575906"/>
<entry key="6" type="xdouble" value="0.05783271827118759"/>
<entry key="7" type="xdouble" value="0.016665453332794858"/>
<entry key="8" type="xdouble" value="-0.01668229112152457"/>
<entry key="9" type="xdouble" value="0.002658369276481531"/>
<entry key="10" type="xdouble" value="0.06753236409798562"/>
<entry key="11" type="xdouble" value="-0.002680382333455413"/>
<entry key="12" type="xdouble" value="-0.12339225710515428"/>
<entry key="13" type="xdouble" value="0.03819906913227999"/>
<entry key="14" type="xdouble" value="0.15944150067284749"/>
<entry key="15" type="xdouble" value="-0.7452285511227554"/>
<entry key="16" type="xdouble" value="0.03379507616726959"/>
<entry key="17" type="xdouble" value="0.36984863604949636"/>
<entry key="18" type="xdouble" value="0.36949139947365944"/>
<entry key="19" type="xdouble" value="0.3090918573684522"/>
</config>
<config key="row_12">
<entry key="array-size" type="xint" value="20"/>
<entry key="0" type="xdouble" value="-0.012064516904403294"/>
<entry key="1" type="xdouble" value="0.15417817951220397"/>
<entry key="2" type="xdouble" value="0.7959621260998959"/>
<entry key="3" type="xdouble" value="-0.2315380199986624"/>
<entry key="4" type="xdouble" value="-0.46454261242789274"/>
<entry key="5" type="xdouble" value="0.016222598413170614"/>
<entry key="6" type="xdouble" value="-0.02887729414574527"/>
<entry key="7" type="xdouble" value="-0.097725687800764"/>
<entry key="8" type="xdouble" value="-0.07340082224200084"/>
<entry key="9" type="xdouble" value="0.023552142255053775"/>
<entry key="10" type="xdouble" value="-0.1551691714413486"/>
<entry key="11" type="xdouble" value="-0.012064516904403844"/>
<entry key="12" type="xdouble" value="-0.0948197886441515"/>
<entry key="13" type="xdouble" value="0.03982617146687045"/>
<entry key="14" type="xdouble" value="0.01796662049233461"/>
<entry key="15" type="xdouble" value="0.12568869580217398"/>
<entry key="16" type="xdouble" value="-0.0031713185620457574"/>
<entry key="17" type="xdouble" value="-0.041536069091474496"/>
<entry key="18" type="xdouble" value="-0.04150732671701351"/>
<entry key="19" type="xdouble" value="-0.04636618380415457"/>
</config>
<config key="row_13">
<entry key="array-size" type="xint" value="20"/>
<entry key="0" type="xdouble" value="0.06372378244897024"/>
<entry key="1" type="xdouble" value="-0.5645601442594362"/>
<entry key="2" type="xdouble" value="0.11267499728251856"/>
<entry key="3" type="xdouble" value="-0.23886309844291476"/>
<entry key="4" type="xdouble" value="-0.08284079601419919"/>
<entry key="5" type="xdouble" value="0.2296005152187996"/>
<entry key="6" type="xdouble" value="-0.03122370202804135"/>
<entry key="7" type="xdouble" value="0.2627956055117473"/>
<entry key="8" type="xdouble" value="0.587758256585634"/>
<entry key="9" type="xdouble" value="-0.2663611708621873"/>
<entry key="10" type="xdouble" value="-0.05519418415774499"/>
<entry key="11" type="xdouble" value="0.06372378244896786"/>
<entry key="12" type="xdouble" value="0.21319958033128616"/>
<entry key="13" type="xdouble" value="-0.016103899901638248"/>
<entry key="14" type="xdouble" value="-0.04754837634003412"/>
<entry key="15" type="xdouble" value="-0.07172297320941634"/>
<entry key="16" type="xdouble" value="-0.00996881077307915"/>
<entry key="17" type="xdouble" value="0.011159200338753696"/>
<entry key="18" type="xdouble" value="0.011348754455178963"/>
<entry key="19" type="xdouble" value="0.029294292992038347"/>
</config>
<config key="row_14">
<entry key="array-size" type="xint" value="20"/>
<entry key="0" type="xdouble" value="0.11072482808759264"/>
<entry key="1" type="xdouble" value="-0.542666493226194"/>
<entry key="2" type="xdouble" value="0.020004117296356844"/>
<entry key="3" type="xdouble" value="-0.1675430919249045"/>
<entry key="4" type="xdouble" value="0.05181146151486101"/>
<entry key="5" type="xdouble" value="0.22007152898708487"/>
<entry key="6" type="xdouble" value="-0.019151437081479126"/>
<entry key="7" type="xdouble" value="-0.01206623699697307"/>
<entry key="8" type="xdouble" value="-0.37703896795510994"/>
<entry key="9" type="xdouble" value="0.6711559243448838"/>
<entry key="10" type="xdouble" value="-0.047286670105264904"/>
<entry key="11" type="xdouble" value="0.11072482808758743"/>
<entry key="12" type="xdouble" value="-0.05099985121115437"/>
<entry key="13" type="xdouble" value="-0.017004039785052747"/>
<entry key="14" type="xdouble" value="0.028851438356387406"/>
<entry key="15" type="xdouble" value="-0.04327477222312419"/>
<entry key="16" type="xdouble" value="-0.010144854085494396"/>
<entry key="17" type="xdouble" value="-0.010338823299368433"/>
<entry key="18" type="xdouble" value="-0.01016110788599991"/>
<entry key="19" type="xdouble" value="0.0118741009341022"/>
</config>
<config key="row_15">
<entry key="array-size" type="xint" value="20"/>
<entry key="0" type="xdouble" value="-0.011659230701870202"/>
<entry key="1" type="xdouble" value="0.12015547087075801"/>
<entry key="2" type="xdouble" value="0.00479701032050272"/>
<entry key="3" type="xdouble" value="0.0375034165697047"/>
<entry key="4" type="xdouble" value="-0.02973633256432469"/>
<entry key="5" type="xdouble" value="-0.05900197343153112"/>
<entry key="6" type="xdouble" value="-0.7243391108783046"/>
<entry key="7" type="xdouble" value="0.6536933767006141"/>
<entry key="8" type="xdouble" value="-0.15674978950709145"/>
<entry key="9" type="xdouble" value="0.029562659390831792"/>
<entry key="10" type="xdouble" value="-0.01841009527459286"/>
<entry key="11" type="xdouble" value="-0.011659230701849375"/>
<entry key="12" type="xdouble" value="-0.03604100732144667"/>
<entry key="13" type="xdouble" value="-0.005292491553309154"/>
<entry key="14" type="xdouble" value="0.003834354023080888"/>
<entry key="15" type="xdouble" value="-0.014118993792331273"/>
<entry key="16" type="xdouble" value="0.009184999256341262"/>
<entry key="17" type="xdouble" value="-0.001177794581320042"/>
<entry key="18" type="xdouble" value="-0.0013460721607088716"/>
<entry key="19" type="xdouble" value="0.010082365810504434"/>
</config>
<config key="row_16">
<entry key="array-size" type="xint" value="20"/>
<entry key="0" type="xdouble" value="0.5490984620588525"/>
<entry key="1" type="xdouble" value="0.2697409099503169"/>
<entry key="2" type="xdouble" value="-0.32942566423106845"/>
<entry key="3" type="xdouble" value="-0.23961337614383454"/>
<entry key="4" type="xdouble" value="-0.39063451954448863"/>
<entry key="5" type="xdouble" value="0.06517715923374003"/>
<entry key="6" type="xdouble" value="0.012907406223800008"/>
<entry key="7" type="xdouble" value="-0.005197918251227682"/>
<entry key="8" type="xdouble" value="0.02782197599988404"/>
<entry key="9" type="xdouble" value="0.011250331266236693"/>
<entry key="10" type="xdouble" value="-0.00308050251222932"/>
<entry key="11" type="xdouble" value="0.5490984620589751"/>
<entry key="12" type="xdouble" value="0.008307571787141102"/>
<entry key="13" type="xdouble" value="-0.003959400787770466"/>
<entry key="14" type="xdouble" value="-0.004585980398080365"/>
<entry key="15" type="xdouble" value="-0.014994182170254562"/>
<entry key="16" type="xdouble" value="0.0012544212550563943"/>
<entry key="17" type="xdouble" value="0.0014697716630315907"/>
<entry key="18" type="xdouble" value="0.001447930935741309"/>
<entry key="19" type="xdouble" value="-0.0015000966509614933"/>
</config>
<config key="row_17">
<entry key="array-size" type="xint" value="20"/>
<entry key="0" type="xdouble" value="0.6951153357696236"/>
<entry key="1" type="xdouble" value="-1.3635780113556648E-11"/>
<entry key="2" type="xdouble" value="-1.692794708939194E-11"/>
<entry key="3" type="xdouble" value="0.019204402047858837"/>
<entry key="4" type="xdouble" value="-0.008987422037366542"/>
<entry key="5" type="xdouble" value="0.016736451029592224"/>
<entry key="6" type="xdouble" value="1.3596038415017819E-11"/>
<entry key="7" type="xdouble" value="-1.8877835131563145E-11"/>
<entry key="8" type="xdouble" value="4.609051509130948E-12"/>
<entry key="9" type="xdouble" value="-1.6341282943815636E-12"/>
<entry key="10" type="xdouble" value="7.916819261864775E-13"/>
<entry key="11" type="xdouble" value="-0.6951153357928641"/>
<entry key="12" type="xdouble" value="1.874803625809119E-12"/>
<entry key="13" type="xdouble" value="-7.160581694364555E-13"/>
<entry key="14" type="xdouble" value="-2.869091067120325E-13"/>
<entry key="15" type="xdouble" value="1.804736315039184E-11"/>
<entry key="16" type="xdouble" value="-0.0023372582170649663"/>
<entry key="17" type="xdouble" value="0.12829108064701322"/>
<entry key="18" type="xdouble" value="-0.12820134230165448"/>
<entry key="19" type="xdouble" value="-6.304967769276228E-12"/>
</config>
<config key="row_18">
<entry key="array-size" type="xint" value="20"/>
<entry key="0" type="xdouble" value="-0.12967139228816166"/>
<entry key="1" type="xdouble" value="-7.325033474252679E-11"/>
<entry key="2" type="xdouble" value="-9.058529525411836E-11"/>
<entry key="3" type="xdouble" value="0.10294695277422028"/>
<entry key="4" type="xdouble" value="-0.04817789742854231"/>
<entry key="5" type="xdouble" value="0.08971727572957368"/>
<entry key="6" type="xdouble" value="7.293389976376402E-11"/>
<entry key="7" type="xdouble" value="-1.0124519387632798E-10"/>
<entry key="8" type="xdouble" value="2.4703802865401343E-11"/>
<entry key="9" type="xdouble" value="-8.755771977298352E-12"/>
<entry key="10" type="xdouble" value="4.245616170643236E-12"/>
<entry key="11" type="xdouble" value="0.12967139216306273"/>
<entry key="12" type="xdouble" value="1.0049825980349257E-11"/>
<entry key="13" type="xdouble" value="-3.837117530958248E-12"/>
<entry key="14" type="xdouble" value="-1.5356809089530975E-12"/>
<entry key="15" type="xdouble" value="9.675131241037777E-11"/>
<entry key="16" type="xdouble" value="-0.012529086035333856"/>
<entry key="17" type="xdouble" value="0.6877160491965825"/>
<entry key="18" type="xdouble" value="-0.6872349986042889"/>
<entry key="19" type="xdouble" value="-3.379897322258273E-11"/>
</config>
<config key="row_19">
<entry key="array-size" type="xint" value="20"/>
<entry key="0" type="xdouble" value="0.0"/>
<entry key="1" type="xdouble" value="5.109640311727214E-10"/>
<entry key="2" type="xdouble" value="5.850644694583323E-10"/>
<entry key="3" type="xdouble" value="-0.7031817168248087"/>
<entry key="4" type="xdouble" value="0.3290803245151075"/>
<entry key="5" type="xdouble" value="-0.6128160793287964"/>
<entry key="6" type="xdouble" value="-4.052049810902872E-10"/>
<entry key="7" type="xdouble" value="6.080345124087394E-10"/>
<entry key="8" type="xdouble" value="-1.7881673361295288E-10"/>
<entry key="9" type="xdouble" value="6.330538229621614E-11"/>
<entry key="10" type="xdouble" value="-1.6004477620203973E-11"/>
<entry key="11" type="xdouble" value="8.92027031967439E-10"/>
<entry key="12" type="xdouble" value="-7.732010560603371E-11"/>
<entry key="13" type="xdouble" value="4.67828658053744E-11"/>
<entry key="14" type="xdouble" value="-1.3928691355711333E-11"/>
<entry key="15" type="xdouble" value="-6.621898297230593E-10"/>
<entry key="16" type="xdouble" value="-0.001898111106692657"/>
<entry key="17" type="xdouble" value="0.10418647640039702"/>
<entry key="18" type="xdouble" value="-0.10411359837180062"/>
<entry key="19" type="xdouble" value="2.7714488775498907E-10"/>
</config>
</config>
</config>
</config>
