<?xml version="1.0" encoding="UTF-8"?>
<config xmlns="http://www.knime.org/2008/09/XMLConfig" xmlns:xsi="http://www.w3.org/2001/XMLSchema-instance" xsi:schemaLocation="http://www.knime.org/2008/09/XMLConfig http://www.knime.org/XMLConfig_2008_09.xsd" key="model.xml">
<entry key="version" type="xint" value="1"/>
<entry key="class_name" type="xstring" value="org.knime.base.data.normalize.NormalizerPortObject"/>
<config key="model">
<config key="columns">
<config key="meanfreq">
<entry key="column_name" type="xstring" value="meanfreq"/>
<entry key="column_scale" type="xdouble" value="33.10283154909042"/>
<entry key="column_translate" type="xdouble" value="-5.987340192478631"/>
<entry key="column_min" type="xdouble" value="NaN"/>
<entry key="column_max" type="xdouble" value="NaN"/>
</config>
<config key="sd">
<entry key="column_name" type="xstring" value="sd"/>
<entry key="column_scale" type="xdouble" value="60.62254855646444"/>
<entry key="column_translate" type="xdouble" value="-3.4577699285837444"/>
<entry key="column_min" type="xdouble" value="NaN"/>
<entry key="column_max" type="xdouble" value="NaN"/>
</config>
<config key="median">
<entry key="column_name" type="xstring" value="median"/>
<entry key="column_scale" type="xdouble" value="27.01047590050766"/>
<entry key="column_translate" type="xdouble" value="-5.005984172364347"/>
<entry key="column_min" type="xdouble" value="NaN"/>
<entry key="column_max" type="xdouble" value="NaN"/>
</config>
<config key="Q25">
<entry key="column_name" type="xstring" value="Q25"/>
<entry key="column_scale" type="xdouble" value="20.47923597894755"/>
<entry key="column_translate" type="xdouble" value="-2.879542567090011"/>
<entry key="column_min" type="xdouble" value="NaN"/>
<entry key="column_max" type="xdouble" value="NaN"/>
</config>
<config key="Q75">
<entry key="column_name" type="xstring" value="Q75"/>
<entry key="column_scale" type="xdouble" value="41.84877752988069"/>
<entry key="column_translate" type="xdouble" value="-9.403118221665048"/>
<entry key="column_min" type="xdouble" value="NaN"/>
<entry key="column_max" type="xdouble" value="NaN"/>
</config>
<config key="IQR">
<entry key="column_name" type="xstring" value="IQR"/>
<entry key="column_scale" type="xdouble" value="23.49116439700569"/>
<entry key="column_translate" type="xdouble" value="-1.9752515403505093"/>
<entry key="column_min" type="xdouble" value="NaN"/>
<entry key="column_max" type="xdouble" value="NaN"/>
</config>
<config key="skew">
<entry key="column_name" type="xstring" value="skew"/>
<entry key="column_scale" type="xdouble" value="0.23293365431547647"/>
<entry key="column_translate" type="xdouble" value="-0.741769646622339"/>
<entry key="column_min" type="xdouble" value="NaN"/>
<entry key="column_max" type="xdouble" value="NaN"/>
</config>
<config key="kurt">
<entry key="column_name" type="xstring" value="kurt"/>
<entry key="column_scale" type="xdouble" value="0.007362347060424185"/>
<entry key="column_translate" type="xdouble" value="-0.2744491376491789"/>
<entry key="column_min" type="xdouble" value="NaN"/>
<entry key="column_max" type="xdouble" value="NaN"/>
</config>
<config key="sp.ent">
<entry key="column_name" type="xstring" value="sp.ent"/>
<entry key="column_scale" type="xdouble" value="22.538177874232577"/>
<entry key="column_translate" type="xdouble" value="-20.16364842651878"/>
<entry key="column_min" type="xdouble" value="NaN"/>
<entry key="column_max" type="xdouble" value="NaN"/>
</config>
<config key="sfm">
<entry key="column_name" type="xstring" value="sfm"/>
<entry key="column_scale" type="xdouble" value="5.724787319920273"/>
<entry key="column_translate" type="xdouble" value="-2.323813468502929"/>
<entry key="column_min" type="xdouble" value="NaN"/>
<entry key="column_max" type="xdouble" value="NaN"/>
</config>
<config key="mode">
<entry key="column_name" type="xstring" value="mode"/>
<entry key="column_scale" type="xdouble" value="12.924123712937723"/>
<entry key="column_translate" type="xdouble" value="-2.1341740099064808"/>
<entry key="column_min" type="xdouble" value="NaN"/>
<entry key="column_max" type="xdouble" value="NaN"/>
</config>
<config key="centroid">
<entry key="column_name" type="xstring" value="centroid"/>
<entry key="column_scale" type="xdouble" value="33.10283154909042"/>
<entry key="column_translate" type="xdouble" value="-5.987340192478631"/>
<entry key="column_min" type="xdouble" value="NaN"/>
<entry key="column_max" type="xdouble" value="NaN"/>
</config>
<config key="meanfun">
<entry key="column_name" type="xstring" value="meanfun"/>
<entry key="column_scale" type="xdouble" value="30.849778128276665"/>
<entry key="column_translate" type="xdouble" value="-4.399159385036517"/>
<entry key="column_min" type="xdouble" value="NaN"/>
<entry key="column_max" type="xdouble" value="NaN"/>
</config>
<config key="minfun">
<entry key="column_name" type="xstring" value="minfun"/>
<entry key="column_scale" type="xdouble" value="52.1292459445197"/>
<entry key="column_translate" type="xdouble" value="-1.903927938890062"/>
<entry key="column_min" type="xdouble" value="NaN"/>
<entry key="column_max" type="xdouble" value="NaN"/>
</config>
<config key="maxfun">
<entry key="column_name" type="xstring" value="maxfun"/>
<entry key="column_scale" type="xdouble" value="34.43765218963522"/>
<entry key="column_translate" type="xdouble" value="-8.92474362685176"/>
<entry key="column_min" type="xdouble" value="NaN"/>
<entry key="column_max" type="xdouble" value="NaN"/>
</config>
<config key="meandom">
<entry key="column_name" type="xstring" value="meandom"/>
<entry key="column_scale" type="xdouble" value="1.9017755929028584"/>
<entry key="column_translate" type="xdouble" value="-1.5729358066445747"/>
<entry key="column_min" type="xdouble" value="NaN"/>
<entry key="column_max" type="xdouble" value="NaN"/>
</config>
<config key="mindom">
<entry key="column_name" type="xstring" value="mindom"/>
<entry key="column_scale" type="xdouble" value="15.569707129957054"/>
<entry key="column_translate" type="xdouble" value="-0.8347130783013851"/>
<entry key="column_min" type="xdouble" value="NaN"/>
<entry key="column_max" type="xdouble" value="NaN"/>
</config>
<config key="maxdom">
<entry key="column_name" type="xstring" value="maxdom"/>
<entry key="column_scale" type="xdouble" value="0.2846532414159102"/>
<entry key="column_translate" type="xdouble" value="-1.4296248624742611"/>
<entry key="column_min" type="xdouble" value="NaN"/>
<entry key="column_max" type="xdouble" value="NaN"/>
</config>
<config key="dfrange">
<entry key="column_name" type="xstring" value="dfrange"/>
<entry key="column_scale" type="xdouble" value="0.28487034039349013"/>
<entry key="column_translate" type="xdouble" value="-1.4154429223600333"/>
<entry key="column_min" type="xdouble" value="NaN"/>
<entry key="column_max" type="xdouble" value="NaN"/>
</config>
<config key="modindx">
<entry key="column_name" type="xstring" value="modindx"/>
<entry key="column_scale" type="xdouble" value="8.337348755698649"/>
<entry key="column_translate" type="xdouble" value="-1.4561863745139618"/>
<entry key="column_min" type="xdouble" value="NaN"/>
<entry key="column_max" type="xdouble" value="NaN"/>
</config>
</config>
<entry key="summary" type="xstring" value="Z-Score (Gaussian) normalization on 20 column(s)"/>
</config>
</config>
