,meandom,class
sample1,0.0078125,male
sample2,0.009014423,male
sample3,0.007990057,male
sample4,0.201497396,male
sample5,0.7128125,male
sample6,0.298221983,male
sample7,0.479619565,male
sample8,0.301339286,male
sample9,0.336476293,male
sample10,0.340364583,male
sample11,0.460227273,male
sample12,0.24609375,male
sample13,0.481670673,male
sample14,1.277113971,male
sample15,1.245738636,male
sample16,1.621299342,male
sample17,1.434114583,male
sample18,0.106279481,male
sample19,0.1465625,male
sample20,0.193044355,male
sample21,0.235877404,male
sample22,0.20984375,male
sample23,0.059621711,male
sample24,0.1015625,male
sample25,0.206756162,male
sample26,0.143353175,male
sample27,0.1484375,male
sample28,0.3353125,male
sample29,0.298677885,male
sample30,0.234863281,male
sample31,0.2615625,male
sample32,0.274502841,male
sample33,0.2578125,male
sample34,0.799005682,male
sample35,0.244944853,male
sample36,0.372869318,male
sample37,0.239583333,male
sample38,0.2609375,male
sample39,0.187890625,male
sample40,0.328464674,male
sample41,0.313657407,male
sample42,0.346768466,male
sample43,0.41953125,male
sample44,0.607610887,male
sample45,0.204152961,male
sample46,0.715745192,male
sample47,0.264128989,male
sample48,0.162642045,male
sample49,0.467797256,male
sample50,0.505859375,male
sample51,0.853298611,male
sample52,0.6153125,male
sample53,0.896282328,male
sample54,0.9746875,male
sample55,0.628700658,male
sample56,0.920479911,male
sample57,0.791666667,male
sample58,0.583417339,male
sample59,1.10875,male
sample60,1.086759868,male
sample61,0.560032895,male
sample62,1.116666667,male
sample63,0.652777778,male
sample64,0.706341912,male
sample65,0.599144345,male
sample66,0.410546875,male
sample67,0.639616935,male
sample68,0.578125,male
sample69,0.813179348,male
sample70,0.568287037,male
sample71,1.048519737,male
sample72,0.299278846,male
sample73,0.637834821,male
sample74,1.067057292,male
sample75,0.1953125,male
sample76,0.884548611,male
sample77,0.801339286,male
sample78,1.795625,male
sample79,0.62265625,male
sample80,0.807112069,male
sample81,1.7525,male
sample82,1.036865234,male
sample83,1.095128676,male
sample84,0.160571809,male
sample85,0.147273936,male
sample86,0.167782738,male
sample87,0.161783854,male
sample88,0.147959184,male
sample89,0.230182927,male
sample90,0.256893382,male
sample91,0.277018229,male
sample92,0.145559211,male
sample93,0.159201389,male
sample94,0.0078125,male
sample95,0.0078125,male
sample96,0.0078125,male
sample97,0.0078125,male
sample98,0.007978723,male
sample99,0.0078125,male
sample100,0.008184524,male
sample101,0.0078125,male
sample102,0.0078125,male
sample103,0.0078125,male
sample104,0.216145833,male
sample105,0.272518382,male
sample106,1.143028846,male
sample107,0.275275735,male
sample108,0.241508152,male
sample109,0.143554688,male
sample110,0.440104167,male
sample111,0.163671875,male
sample112,1.060546875,male
sample113,0.155,male
sample114,0.91796875,male
sample115,0.0078125,male
sample116,0.0078125,male
sample117,0.008246528,male
sample118,0.0078125,male
sample119,0.019030449,male
sample120,0.0078125,male
sample121,0.0703125,male
sample122,0.099516369,male
sample123,0.089969758,male
sample124,0.0703125,male
sample125,0.075757576,male
sample126,0.073828125,male
sample127,0.165625,male
sample128,0.0703125,male
sample129,0.082175926,male
sample130,0.076450893,male
sample131,0.956473214,male
sample132,1.016357422,male
sample133,0.870639535,male
sample134,0.646150915,male
sample135,0.926106771,male
sample136,0.155859375,male
sample137,0.136875,male
sample138,0.291015625,male
sample139,0.335625,male
sample140,0.294866071,male
sample141,0.328354779,male
sample142,0.466974432,male
sample143,0.119654605,male
sample144,0.135416667,male
sample145,0.305706522,male
sample146,0.014772727,male
sample147,0.01671875,male
sample148,0.021033654,male
sample149,0.394717262,male
sample150,0.0078125,male
sample151,0.020507813,male
sample152,0.018483232,male
sample153,0.041756466,male
sample154,0.0078125,male
sample155,0.016958841,male
sample156,0.164884868,male
sample157,0.100669643,male
sample158,0.087946429,male
sample159,0.071824597,male
sample160,0.083757267,male
sample161,0.090460526,male
sample162,0.085049716,male
sample163,0.0703125,male
sample164,0.0953125,male
sample165,0.078804348,male
sample166,1.107142857,male
sample167,1.168870192,male
sample168,1.283770161,male
sample169,1.711516204,male
sample170,0.715692935,male
sample171,1.240953947,male
sample172,1.761126894,male
sample173,1.457932692,male
sample174,2.1003125,male
sample175,0.118719363,male
sample176,0.329345703,male
sample177,0.395148026,male
sample178,0.10546875,male
sample179,0.569010417,male
sample180,0.239583333,male
sample181,0.663802083,male
sample182,0.747983871,male
sample183,0.265269886,male
sample184,0.233705357,male
sample185,0.214192708,male
sample186,0.101102941,male
sample187,0.119791667,male
sample188,0.146484375,male
sample189,0.231119792,male
sample190,0.1359375,male
sample191,0.118990385,male
sample192,0.106770833,male
sample193,0.34765625,male
sample194,0.1475,male
sample195,0.1515625,male
sample196,1.655691964,male
sample197,0.673233696,male
sample198,0.777113971,male
sample199,0.970898438,male
sample200,0.889229911,male
sample201,1.248342803,male
sample202,1.149251302,male
sample203,0.774739583,male
sample204,0.667689732,male
sample205,0.845788043,male
sample206,1.107244318,male
sample207,1.44765625,male
sample208,1.270625,male
sample209,2.027777778,male
sample210,1.359375,male
sample211,1.591733871,male
sample212,1.306581439,male
sample213,1.089133523,male
sample214,1.082421875,male
sample215,1.003038194,male
sample216,0.246323529,male
sample217,0.663125,male
sample218,0.331845238,male
sample219,0.536892361,male
sample220,0.384943182,male
sample221,0.409855769,male
sample222,0.387939453,male
sample223,0.458125,male
sample224,0.65234375,male
sample225,0.816271552,male
sample226,0.493489583,male
sample227,0.066189236,male
sample228,0.096643519,male
sample229,0.16640625,male
sample230,0.07625,male
sample231,0.149414063,male
sample232,0.104352679,male
sample233,0.818125,male
sample234,0.223958333,male
sample235,0.086588542,male
sample236,0.08130787,male
sample237,0.211160714,male
sample238,0.098606419,male
sample239,0.07890625,male
sample240,0.129734848,male
sample241,0.100097656,male
sample242,0.10474537,male
sample243,0.10619213,male
sample244,0.077008929,male
sample245,0.074074074,male
sample246,0.09453125,male
sample247,0.0078125,male
sample248,0.0078125,male
sample249,0.0078125,male
sample250,0.0078125,male
sample251,0.0078125,male
sample252,0.0078125,male
sample253,0.0078125,male
sample254,0.0078125,male
sample255,0.0078125,male
sample256,0.0078125,male
sample257,0.897865854,male
sample258,0.457868304,male
sample259,0.6875,male
sample260,0.831473214,male
sample261,0.3459375,male
sample262,0.410984848,male
sample263,0.627441406,male
sample264,1.095748547,male
sample265,0.986037234,male
sample266,0.402698864,male
sample267,0.90625,male
sample268,0.806295956,male
sample269,0.158717105,male
sample270,0.293945313,male
sample271,0.247944079,male
sample272,0.117466518,male
sample273,0.121504934,male
sample274,0.371651786,male
sample275,0.479724702,male
sample276,0.652901786,male
sample277,0.444475446,male
sample278,0.52578125,male
sample279,0.569711538,male
sample280,0.383820565,male
sample281,0.523026316,male
sample282,0.560763889,male
sample283,0.755580357,male
sample284,0.213541667,male
sample285,0.435444079,male
sample286,0.649414063,male
sample287,0.447328629,male
sample288,1.0003125,male
sample289,0.168526786,male
sample290,0.448601974,male
sample291,0.105872845,male
sample292,0.183363971,male
sample293,0.246760671,male
sample294,0.292295259,male
sample295,0.095552885,male
sample296,0.030949519,male
sample297,0.232717803,male
sample298,0.233072917,male
sample299,0.818125,male
sample300,1.1734375,male
sample301,0.818164063,male
sample302,0.971494932,male
sample303,1.185388514,male
sample304,0.462357955,male
sample305,0.555921053,male
sample306,0.241210938,male
sample307,0.407738095,male
sample308,0.253125,male
sample309,0.249495968,male
sample310,0.251674107,male
sample311,0.283967391,male
sample312,0.357291667,male
sample313,0.551535866,male
sample314,0.48781622,male
sample315,0.44921875,male
sample316,0.552423651,male
sample317,1.152980639,male
sample318,1.016438802,male
sample319,1.064675071,male
sample320,1.205124628,male
sample321,0.692894345,male
sample322,0.52657278,male
sample323,0.524773849,male
sample324,0.458519345,male
sample325,0.618489583,male
sample326,0.633480674,male
sample327,0.73187934,male
sample328,0.735762747,male
sample329,0.366675967,male
sample330,0.455433239,male
sample331,0.413876488,male
sample332,0.544433594,male
sample333,0.415039063,male
sample334,0.369140625,male
sample335,0.322779605,male
sample336,0.321044922,male
sample337,0.472861842,male
sample338,0.327370384,male
sample339,0.504985609,male
sample340,0.609188988,male
sample341,0.628773082,male
sample342,0.353422619,male
sample343,0.495990954,male
sample344,1.054199219,male
sample345,0.58547247,male
sample346,0.646306818,male
sample347,0.987881747,male
sample348,1.016322545,male
sample349,0.758231027,male
sample350,0.809616815,male
sample351,0.975896662,male
sample352,0.471075149,male
sample353,0.21530878,male
sample354,0.273204985,male
sample355,0.551757813,male
sample356,0.33140121,male
sample357,0.3171875,male
sample358,0.314924569,male
sample359,0.706088362,male
sample360,0.310677083,male
sample361,0.69828869,male
sample362,0.398763021,male
sample363,0.197916667,male
sample364,0.203683036,male
sample365,0.682291667,male
sample366,0.689732143,male
sample367,0.348357372,male
sample368,0.640869141,male
sample369,0.538335756,male
sample370,0.354352679,male
sample371,0.4575,male
sample372,0.598144531,male
sample373,0.518682065,male
sample374,0.4375,male
sample375,0.310546875,male
sample376,0.324404762,male
sample377,0.495793269,male
sample378,0.696514423,male
sample379,0.983854167,male
sample380,0.519736842,male
sample381,1.315504808,male
sample382,0.752232143,male
sample383,0.803267045,male
sample384,0.6328125,male
sample385,0.808423913,male
sample386,0.790178571,male
sample387,0.28046875,male
sample388,1.069010417,male
sample389,0.339583333,male
sample390,0.695913462,male
sample391,0.565290179,male
sample392,0.35,male
sample393,0.63984375,male
sample394,0.423958333,male
sample395,0.981158088,male
sample396,0.689453125,male
sample397,0.921875,male
sample398,0.7278125,male
sample399,1.056066176,male
sample400,0.558763587,male
sample401,0.686491935,male
sample402,0.9603125,male
sample403,0.520380435,male
sample404,0.759672619,male
sample405,0.509672619,male
sample406,0.7353125,male
sample407,0.796875,male
sample408,0.80546875,male
sample409,0.765964674,male
sample410,1.095269097,male
sample411,0.493229167,male
sample412,0.481026786,male
sample413,1.325639205,male
sample414,0.275,male
sample415,0.58512931,male
sample416,0.787703804,male
sample417,0.93125,male
sample418,0.674252717,male
sample419,0.584635417,male
sample420,0.532877604,male
sample421,0.880022321,male
sample422,0.925480769,male
sample423,0.314555921,male
sample424,0.592285156,male
sample425,0.408380682,male
sample426,0.952302632,male
sample427,0.456752232,male
sample428,0.943933824,male
sample429,0.670758929,male
sample430,0.879185268,male
sample431,0.885817308,male
sample432,0.564555921,male
sample433,0.406960227,male
sample434,1.249526515,male
sample435,0.658203125,male
sample436,0.659179688,male
sample437,0.696875,male
sample438,0.891493056,male
sample439,0.358258929,male
sample440,0.627297794,male
sample441,0.890190972,male
sample442,0.8828125,male
sample443,0.393629808,male
sample444,0.295496324,male
sample445,0.546875,male
sample446,0.689732143,male
sample447,0.984627016,male
sample448,1.000679348,male
sample449,0.430338542,male
sample450,0.3671875,male
sample451,0.572716346,male
sample452,1.387746711,male
sample453,0.770970395,male
sample454,0.132308468,male
sample455,0.256103516,male
sample456,0.521925403,male
sample457,0.170516304,male
sample458,0.166666667,male
sample459,0.59453125,male
sample460,0.079799107,male
sample461,0.065272177,male
sample462,0.104082661,male
sample463,0.089732143,male
sample464,0.056848404,male
sample465,0.068834459,male
sample466,0.08266129,male
sample467,0.620605469,male
sample468,1.094105114,male
sample469,0.960181452,male
sample470,0.791015625,male
sample471,0.750339674,male
sample472,1.397235577,male
sample473,1.098557692,male
sample474,1.454241071,male
sample475,1.338020833,male
sample476,0.806361607,male
sample477,0.990885417,male
sample478,1.088694853,male
sample479,1.25,male
sample480,0.679315476,male
sample481,1.916875,male
sample482,1.631167763,male
sample483,0.83984375,male
sample484,1.268229167,male
sample485,0.574739583,male
sample486,1.106212798,male
sample487,1.214021382,male
sample488,0.681152344,male
sample489,0.762408088,male
sample490,0.7503125,male
sample491,0.685112847,male
sample492,0.435396635,male
sample493,0.994904891,male
sample494,0.878605769,male
sample495,0.921164773,male
sample496,0.468327703,male
sample497,1.1171875,male
sample498,0.640950521,male
sample499,0.901041667,male
sample500,0.398148148,male
sample501,0.671875,male
sample502,0.852678571,male
sample503,0.299045139,male
sample504,1.334635417,male
sample505,0.230324074,male
sample506,0.485821759,male
sample507,0.140429688,male
sample508,0.350506757,male
sample509,0.253787879,male
sample510,0.280273438,male
sample511,0.238064236,male
sample512,0.609675481,male
sample513,0.525331439,male
sample514,0.261126894,male
sample515,0.426915323,male
sample516,0.4890625,male
sample517,0.597426471,male
sample518,0.470982143,male
sample519,0.414362981,male
sample520,0.669744318,male
sample521,0.474537037,male
sample522,0.37046371,male
sample523,0.0078125,male
sample524,0.010318396,male
sample525,0.0078125,male
sample526,0.0078125,male
sample527,0.020359848,male
sample528,0.0078125,male
sample529,0.0078125,male
sample530,0.0078125,male
sample531,0.0078125,male
sample532,0.025146484,male
sample533,0.29857337,male
sample534,0.242897727,male
sample535,0.201746324,male
sample536,0.360625,male
sample537,0.221354167,male
sample538,0.0078125,male
sample539,0.0078125,male
sample540,0.0078125,male
sample541,0.0078125,male
sample542,0.0078125,male
sample543,0.0078125,male
sample544,0.0078125,male
sample545,0.0078125,male
sample546,0.0078125,male
sample547,0.0078125,male
sample548,0.891493056,male
sample549,0.784646739,male
sample550,0.396059783,male
sample551,0.701522436,male
sample552,0.676993534,male
sample553,0.8040625,male
sample554,0.508789063,male
sample555,0.754971591,male
sample556,0.329391892,male
sample557,0.804917279,male
sample558,0.025669643,male
sample559,0.1953125,male
sample560,0.940429688,male
sample561,0.462015086,male
sample562,0.693576389,male
sample563,0.71875,male
sample564,1.204733456,male
sample565,0.735795455,male
sample566,0.5228125,male
sample567,0.60625,male
sample568,0.527994792,male
sample569,0.328125,male
sample570,0.348894817,male
sample571,0.170691288,male
sample572,0.409667969,male
sample573,0.366570724,male
sample574,0.460658482,male
sample575,0.456380208,male
sample576,0.839732143,male
sample577,0.187220982,male
sample578,0.1540625,male
sample579,0.326239224,male
sample580,0.368790064,male
sample581,0.645833333,male
sample582,0.445572917,male
sample583,0.479492188,male
sample584,0.593303571,male
sample585,0.2890625,male
sample586,0.4278125,male
sample587,0.318709936,male
sample588,0.372896635,male
sample589,0.288574219,male
sample590,0.479166667,male
sample591,0.270733173,male
sample592,0.5984375,male
sample593,0.47265625,male
sample594,0.25390625,male
sample595,0.322395833,male
sample596,0.202636719,male
sample597,0.214133523,male
sample598,0.258789063,male
sample599,0.239762931,male
sample600,0.241365132,male
sample601,0.140625,male
sample602,0.240149457,male
sample603,0.221235795,male
sample604,0.06875,male
sample605,0.206414474,male
sample606,0.404903017,male
sample607,0.312872024,male
sample608,0.184895833,male
sample609,0.424715909,male
sample610,0.498934659,male
sample611,0.21640625,male
sample612,0.258184524,male
sample613,0.25625,male
sample614,0.333079268,male
sample615,0.2578125,male
sample616,0.595880682,male
sample617,0.444602273,male
sample618,0.818256579,male
sample619,0.444824219,male
sample620,0.402455357,male
sample621,0.24453125,male
sample622,0.355282738,male
sample623,0.411764706,male
sample624,0.440272177,male
sample625,0.490885417,male
sample626,0.339988426,male
sample627,0.260850694,male
sample628,0.194957386,male
sample629,0.657226563,male
sample630,0.176432292,male
sample631,0.412860577,male
sample632,0.280838816,male
sample633,0.388764881,male
sample634,0.977864583,male
sample635,0.1975,male
sample636,0.11328125,male
sample637,0.6484375,male
sample638,0.691002155,male
sample639,0.454769737,male
sample640,0.421519886,male
sample641,0.656828704,male
sample642,0.588216146,male
sample643,0.698016827,male
sample644,0.721467391,male
sample645,0.776278409,male
sample646,1.289508929,male
sample647,0.971153846,male
sample648,1.133854167,male
sample649,1.620738636,male
sample650,0.801930147,male
sample651,1.411458333,male
sample652,0.104256466,male
sample653,0.250269397,male
sample654,0.289641204,male
sample655,0.438100962,male
sample656,0.350883152,male
sample657,0.1953125,male
sample658,0.380859375,male
sample659,0.215820313,male
sample660,0.297619048,male
sample661,0.500651042,male
sample662,0.151726974,male
sample663,0.481770833,male
sample664,0.578125,male
sample665,0.427283654,male
sample666,0.558919271,male
sample667,0.89765625,male
sample668,0.650505515,male
sample669,0.519314236,male
sample670,0.944196429,male
sample671,0.688519022,male
sample672,0.596976902,male
sample673,0.511067708,male
sample674,0.560191761,male
sample675,0.466889881,male
sample676,0.609421503,male
sample677,0.830502717,male
sample678,0.313895089,male
sample679,0.572916667,male
sample680,0.480143229,male
sample681,0.425914418,male
sample682,0.305059524,male
sample683,0.343889509,male
sample684,0.400878906,male
sample685,0.561988467,male
sample686,0.543767756,male
sample687,0.470947266,male
sample688,0.469415838,male
sample689,0.520600818,male
sample690,0.438787287,male
sample691,0.313895089,male
sample692,0.420735677,male
sample693,0.337338655,male
sample694,0.389071378,male
sample695,0.432477679,male
sample696,0.348378057,male
sample697,0.367838542,male
sample698,0.364435369,male
sample699,0.270414807,male
sample700,0.463018003,male
sample701,0.525483631,male
sample702,0.57686942,male
sample703,0.422119141,male
sample704,0.40399966,male
sample705,0.557528409,male
sample706,0.403941761,male
sample707,0.465029762,male
sample708,0.519064198,male
sample709,0.658069957,male
sample710,0.562411222,male
sample711,0.439453125,male
sample712,0.68975034,male
sample713,0.434337798,male
sample714,0.520600818,male
sample715,0.471635298,male
sample716,0.449855639,male
sample717,0.593145461,male
sample718,0.322931463,male
sample719,0.421781994,male
sample720,0.414632161,male
sample721,0.373651414,male
sample722,0.33372962,male
sample723,0.294131324,male
sample724,0.299045139,male
sample725,0.934375,male
sample726,0.568865741,male
sample727,0.403556034,male
sample728,0.904513889,male
sample729,0.733928571,male
sample730,0.611111111,male
sample731,0.525568182,male
sample732,0.583125,male
sample733,0.986979167,male
sample734,0.309375,male
sample735,0.573350694,male
sample736,0.525390625,male
sample737,0.650752315,male
sample738,0.378676471,male
sample739,1.01171875,male
sample740,1.147898707,male
sample741,0.177604167,male
sample742,0.701171875,male
sample743,0.174479167,male
sample744,0.469805743,male
sample745,0.338975694,male
sample746,0.61402027,male
sample747,0.392485119,male
sample748,0.798363095,male
sample749,0.896809896,male
sample750,0.551809211,male
sample751,0.707981419,male
sample752,1.08984375,male
sample753,0.543125,male
sample754,0.896614583,male
sample755,0.454101563,male
sample756,0.593039773,male
sample757,0.604795259,male
sample758,0.450721154,male
sample759,0.695870536,male
sample760,0.623046875,male
sample761,0.68984375,male
sample762,0.729073661,male
sample763,0.420166016,male
sample764,0.696402616,male
sample765,0.48125,male
sample766,0.406032986,male
sample767,0.657258065,male
sample768,0.352539063,male
sample769,0.521289063,male
sample770,0.539601293,male
sample771,0.921401515,male
sample772,0.841064453,male
sample773,0.655625,male
sample774,0.602008929,male
sample775,0.794270833,male
sample776,0.740848214,male
sample777,0.443684896,male
sample778,0.348828125,male
sample779,0.348144531,male
sample780,0.591045673,male
sample781,0.301432292,male
sample782,0.6871875,male
sample783,0.759943182,male
sample784,0.8671875,male
sample785,1.125434028,male
sample786,0.738839286,male
sample787,0.169471154,male
sample788,0.888494318,male
sample789,0.478841146,male
sample790,0.816915761,male
sample791,0.433971774,male
sample792,0.911764706,male
sample793,0.2865625,male
sample794,1.001420455,male
sample795,0.62109375,male
sample796,0.553710938,male
sample797,0.522949219,male
sample798,0.311523438,male
sample799,0.935461957,male
sample800,0.625422297,male
sample801,0.545117188,male
sample802,0.509375,male
sample803,0.589355469,male
sample804,0.586458333,male
sample805,0.597470238,male
sample806,1.1046875,male
sample807,0.346875,male
sample808,0.968568314,male
sample809,0.682771382,male
sample810,0.701891447,male
sample811,0.704963235,male
sample812,0.88125,male
sample813,1.034254808,male
sample814,1.121570122,male
sample815,0.626674107,male
sample816,0.788602941,male
sample817,1.3703125,male
sample818,0.947620739,male
sample819,1.06726372,male
sample820,0.888822115,male
sample821,1.016773897,male
sample822,0.683728448,male
sample823,0.927014803,male
sample824,0.490675403,male
sample825,1.318509615,male
sample826,1.341517857,male
sample827,0.73255814,male
sample828,0.796875,male
sample829,1.343394886,male
sample830,1.111852134,male
sample831,1.144230769,male
sample832,0.664583333,male
sample833,0.959765625,male
sample834,1.565848214,male
sample835,0.458460366,male
sample836,0.794704861,male
sample837,0.673828125,male
sample838,1.092857143,male
sample839,0.424408784,male
sample840,1.19765625,male
sample841,1.347942073,male
sample842,0.561767578,male
sample843,1.005632267,male
sample844,1.038461538,male
sample845,0.791015625,male
sample846,0.742417279,male
sample847,0.6403125,male
sample848,0.981881649,male
sample849,1.027901786,male
sample850,0.829427083,male
sample851,1.104225852,male
sample852,0.577934451,male
sample853,1.815848214,male
sample854,0.798677885,male
sample855,0.711495536,male
sample856,0.57734375,male
sample857,1.606770833,male
sample858,1.26171875,male
sample859,0.862827035,male
sample860,0.920758929,male
sample861,0.813616071,male
sample862,1.072265625,male
sample863,0.443677326,male
sample864,1.557010135,male
sample865,0.8671875,male
sample866,1.456117021,male
sample867,1.032964939,male
sample868,0.9246875,male
sample869,0.6640625,male
sample870,0.318603516,male
sample871,1.235704787,male
sample872,0.891210938,male
sample873,0.614583333,male
sample874,0.556640625,male
sample875,1.034333882,male
sample876,1.569355867,male
sample877,0.874840561,male
sample878,1.018229167,male
sample879,0.614889706,male
sample880,0.82359375,male
sample881,0.65625,male
sample882,0.665421196,male
sample883,0.756310096,male
sample884,0.680706522,male
sample885,1.241709184,male
sample886,1.022727273,male
sample887,0.791940789,male
sample888,0.779411765,male
sample889,0.696933962,male
sample890,1.350398936,male
sample891,0.929521277,male
sample892,0.778424202,male
sample893,0.527901786,male
sample894,0.532579787,male
sample895,0.880489865,male
sample896,1.004464286,male
sample897,0.791601563,male
sample898,1.051962209,male
sample899,0.789257813,male
sample900,0.375,male
sample901,0.927688953,male
sample902,0.619791667,male
sample903,0.918323864,male
sample904,0.56640625,male
sample905,1.045833333,male
sample906,0.75234375,male
sample907,0.463955966,male
sample908,1.443080357,male
sample909,0.66328125,male
sample910,0.472005208,male
sample911,1.173108553,male
sample912,1.120174632,male
sample913,0.6609375,male
sample914,0.686655405,male
sample915,1.009992733,male
sample916,0.878633721,male
sample917,0.9703125,male
sample918,0.776041667,male
sample919,0.617745536,male
sample920,0.514453125,male
sample921,0.683254076,male
sample922,0.677246094,male
sample923,0.46484375,male
sample924,0.904575893,male
sample925,1.050327035,male
sample926,0.780523256,male
sample927,0.682412791,male
sample928,0.858525815,male
sample929,1.057221284,male
sample930,1.1484375,male
sample931,1.614508929,male
sample932,0.862980769,male
sample933,1.0078125,male
sample934,1.468386628,male
sample935,2.141113281,male
sample936,1.33643617,male
sample937,1.034598214,male
sample938,0.962572674,male
sample939,0.465049342,male
sample940,0.731534091,male
sample941,1.202955163,male
sample942,1.998958333,male
sample943,0.878320313,male
sample944,1.690770349,male
sample945,1.019270833,male
sample946,1.072574013,male
sample947,1.2109375,male
sample948,0.553571429,male
sample949,1.164257813,male
sample950,1.333426339,male
sample951,0.885416667,male
sample952,1.77006392,male
sample953,1.099158654,male
sample954,1.042018581,male
sample955,1.24830163,male
sample956,1.043285473,male
sample957,0.755580357,male
sample958,0.897017045,male
sample959,1.1053125,male
sample960,1.027832031,male
sample961,1.398607337,male
sample962,1.163884943,male
sample963,0.934821429,male
sample964,1.199898098,male
sample965,1.728156888,male
sample966,1.387746711,male
sample967,1.601041667,male
sample968,1.256569602,male
sample969,0.899414063,male
sample970,0.735538564,male
sample971,0.771524235,male
sample972,0.747141768,male
sample973,0.744140625,male
sample974,1.119549419,male
sample975,1.341517857,male
sample976,0.987304688,male
sample977,1.154296875,male
sample978,1.177604167,male
sample979,1.200457317,male
sample980,1.43018617,male
sample981,1.539663462,male
sample982,1.217606707,male
sample983,1.108695652,male
sample984,0.906709559,male
sample985,1.230741279,male
sample986,1.323153409,male
sample987,1.211825284,male
sample988,0.845464939,male
sample989,0.614430147,male
sample990,1.801757813,male
sample991,0.894440407,male
sample992,1.115828804,male
sample993,0.734964623,male
sample994,1.217578125,male
sample995,1.223958333,male
sample996,0.884885204,male
sample997,0.45625,male
sample998,1.206580529,male
sample999,0.454385081,male
sample1000,1.262222782,male
sample1001,1.318548387,male
sample1002,1.222592213,male
sample1003,1.019752358,male
sample1004,1.5375,male
sample1005,0.894460227,male
sample1006,1.147995283,male
sample1007,0.960085227,male
sample1008,1.856617647,male
sample1009,0.996841755,male
sample1010,1.146267361,male
sample1011,0.949005682,male
sample1012,1.202205882,male
sample1013,1.1746875,male
sample1014,0.562839674,male
sample1015,1.5703125,male
sample1016,0.4609375,male
sample1017,1.03685462,male
sample1018,1.461309524,male
sample1019,0.589453125,male
sample1020,0.921306818,male
sample1021,0.903941761,male
sample1022,1.437639509,male
sample1023,0.842881944,male
sample1024,1.131204044,male
sample1025,1.101074219,male
sample1026,1.271033654,male
sample1027,0.849420363,male
sample1028,0.881696429,male
sample1029,0.982069672,male
sample1030,0.765066964,male
sample1031,1.463040865,male
sample1032,1.29984375,male
sample1033,1.719769022,male
sample1034,0.916903409,male
sample1035,1.714339718,male
sample1036,0.858506944,male
sample1037,1.166277985,male
sample1038,1.206653226,male
sample1039,0.7265625,male
sample1040,1.441002155,male
sample1041,1.466589096,male
sample1042,0.916932398,male
sample1043,1.47781808,male
sample1044,1.498579545,male
sample1045,1.151633523,male
sample1046,1.31375558,male
sample1047,1.835658482,male
sample1048,0.718039773,male
sample1049,1.707704741,male
sample1050,1.017378827,male
sample1051,1.26328125,male
sample1052,0.516145833,male
sample1053,0.496002907,male
sample1054,1.235085227,male
sample1055,1.30689538,male
sample1056,0.795572917,male
sample1057,0.536132813,male
sample1058,1.309943182,male
sample1059,1.15546875,male
sample1060,1.40625,male
sample1061,1.142708333,male
sample1062,1.907291667,male
sample1063,1.11627907,male
sample1064,1.280400815,male
sample1065,1.199707031,male
sample1066,1.032315341,male
sample1067,1.136957908,male
sample1068,1.082261029,male
sample1069,0.928485577,male
sample1070,0.748471467,male
sample1071,1.071340461,male
sample1072,1.443953804,male
sample1073,0.68359375,male
sample1074,1.053571429,male
sample1075,1.240017361,male
sample1076,0.978515625,male
sample1077,1.090144231,male
sample1078,1.032393293,male
sample1079,1.16870777,male
sample1080,0.927455357,male
sample1081,0.888338415,male
sample1082,0.865808824,male
sample1083,1.325954861,male
sample1084,1.184765625,male
sample1085,0.670673077,male
sample1086,1.10767663,male
sample1087,1.468229167,male
sample1088,0.850731383,male
sample1089,0.778888081,male
sample1090,1.192116477,male
sample1091,1.1171875,male
sample1092,1.123401989,male
sample1093,0.5,male
sample1094,1.386541193,male
sample1095,0.758333333,male
sample1096,0.792091837,male
sample1097,1.190198864,male
sample1098,1.639190051,male
sample1099,0.780868902,male
sample1100,1.5234375,male
sample1101,1.005632267,male
sample1102,0.790409483,male
sample1103,1.311035156,male
sample1104,0.511948529,male
sample1105,0.822443182,male
sample1106,1.173018293,male
sample1107,1.024816176,male
sample1108,0.7890625,male
sample1109,1.195790816,male
sample1110,1.078634511,male
sample1111,1.647549716,male
sample1112,1.621675532,male
sample1113,1.643229167,male
sample1114,0.777644231,male
sample1115,1.479992378,male
sample1116,0.768465909,male
sample1117,0.697115385,male
sample1118,1.521802326,male
sample1119,0.782012195,male
sample1120,1.245916193,male
sample1121,1.848899148,male
sample1122,1.406821646,male
sample1123,1.298564189,male
sample1124,1.092087766,male
sample1125,0.8559375,male
sample1126,1.612926136,male
sample1127,0.510267857,male
sample1128,1.957481971,male
sample1129,1.426257622,male
sample1130,0.798943015,male
sample1131,1.190167683,male
sample1132,1.913699128,male
sample1133,1.089488636,male
sample1134,1.474275915,male
sample1135,1.81875,male
sample1136,1.079653533,male
sample1137,1.436383929,male
sample1138,1.227726064,male
sample1139,2.805245536,male
sample1140,1.701660156,male
sample1141,0.967797256,male
sample1142,0.950683594,male
sample1143,1.75265625,male
sample1144,1.452615489,male
sample1145,1.962209302,male
sample1146,1.217708333,male
sample1147,1.261623476,male
sample1148,1.850360577,male
sample1149,1.862413194,male
sample1150,1.939328457,male
sample1151,0.889583333,male
sample1152,1.090909091,male
sample1153,0.759960938,male
sample1154,0.861328125,male
sample1155,1.464477539,male
sample1156,0.918064024,male
sample1157,0.533078457,male
sample1158,2.000926907,male
sample1159,2.254488032,male
sample1160,1.372395833,male
sample1161,0.589638158,male
sample1162,1.54265625,male
sample1163,1.779983108,male
sample1164,0.869140625,male
sample1165,1.924408784,male
sample1166,1.8359375,male
sample1167,1.778320313,male
sample1168,2.197454637,male
sample1169,1.345563616,male
sample1170,1.14609375,male
sample1171,1.253656915,male
sample1172,1.095117188,male
sample1173,1.07201087,male
sample1174,1.580180921,male
sample1175,1.421077806,male
sample1176,0.777426862,male
sample1177,1.365340909,male
sample1178,1.2740625,male
sample1179,1.918719952,male
sample1180,1.421982021,male
sample1181,2.090625,male
sample1182,1.48061899,male
sample1183,1.43877551,male
sample1184,0.884967672,male
sample1185,0.75390625,male
sample1186,1.731219952,male
sample1187,0.6909375,male
sample1188,1.16015625,male
sample1189,1.626464844,male
sample1190,0.763871173,male
sample1191,1.792220745,male
sample1192,1.210681352,male
sample1193,0.739257813,male
sample1194,0.68671875,male
sample1195,0.854166667,male
sample1196,1.102889151,male
sample1197,0.819870283,male
sample1198,0.75,male
sample1199,1.229567308,male
sample1200,0.81796875,male
sample1201,0.552379261,male
sample1202,0.964092548,male
sample1203,1.090599798,male
sample1204,0.910644531,male
sample1205,0.898142689,male
sample1206,1.0396875,male
sample1207,1.226267689,male
sample1208,0.530078125,male
sample1209,0.667220745,male
sample1210,1.091145833,male
sample1211,0.62578125,male
sample1212,1.29672476,male
sample1213,1.102864583,male
sample1214,1.448863636,male
sample1215,0.734964623,male
sample1216,1.519396552,male
sample1217,0.818317819,male
sample1218,1.21875,male
sample1219,0.894191576,male
sample1220,1.11040684,male
sample1221,0.52171875,male
sample1222,1.444972826,male
sample1223,1.558814858,male
sample1224,1.04953125,male
sample1225,1.035435268,male
sample1226,0.565625,male
sample1227,0.610809949,male
sample1228,1.001302083,male
sample1229,0.905208333,male
sample1230,1.521033654,male
sample1231,1.138972356,male
sample1232,1.096875,male
sample1233,1.241319444,male
sample1234,0.949966755,male
sample1235,0.735351563,male
sample1236,1.005774457,male
sample1237,0.675707547,male
sample1238,0.758976064,male
sample1239,1.374565972,male
sample1240,0.72963627,male
sample1241,0.925117925,male
sample1242,1.125,male
sample1243,1.136432927,male
sample1244,1.283501059,male
sample1245,1.013392857,male
sample1246,0.936458333,male
sample1247,0.77765625,male
sample1248,0.9421875,male
sample1249,1.29765625,male
sample1250,0.965924202,male
sample1251,1.217285156,male
sample1252,1.217773438,male
sample1253,1.04859375,male
sample1254,1.147986779,male
sample1255,1.368351064,male
sample1256,1.252659574,male
sample1257,1.213001179,male
sample1258,1.175223214,male
sample1259,1.431525735,male
sample1260,0.748139881,male
sample1261,1.375332447,male
sample1262,0.586914063,male
sample1263,0.669375,male
sample1264,0.899364407,male
sample1265,1.210746951,male
sample1266,0.954659598,male
sample1267,0.522758152,male
sample1268,0.951286765,male
sample1269,0.789741848,male
sample1270,0.770507813,male
sample1271,0.749348958,male
sample1272,0.58125,male
sample1273,0.567325368,male
sample1274,0.756696429,male
sample1275,0.866753472,male
sample1276,0.914607558,male
sample1277,1.467447917,male
sample1278,1.086063508,male
sample1279,0.66796875,male
sample1280,0.630208333,male
sample1281,0.4640625,male
sample1282,1.140477594,male
sample1283,0.877554087,male
sample1284,1.39359375,male
sample1285,1.373766447,male
sample1286,1.340242347,male
sample1287,1.068933824,male
sample1288,1.363511029,male
sample1289,0.53125,male
sample1290,1.090507075,male
sample1291,1.2234375,male
sample1292,1.11328125,male
sample1293,1.423677885,male
sample1294,0.499273256,male
sample1295,0.7890625,male
sample1296,1.387276786,male
sample1297,1.430989583,male
sample1298,0.781427557,male
sample1299,1.307692308,male
sample1300,0.682528409,male
sample1301,0.790178571,male
sample1302,1.13060462,male
sample1303,0.628605769,male
sample1304,0.705208333,male
sample1305,0.71484375,male
sample1306,0.620584239,male
sample1307,0.587946429,male
sample1308,0.864329268,male
sample1309,1.373046875,male
sample1310,0.663034539,male
sample1311,1.011328125,male
sample1312,1.118554688,male
sample1313,0.641335227,male
sample1314,1.219383446,male
sample1315,0.982536765,male
sample1316,0.373909884,male
sample1317,1.253605769,male
sample1318,0.678977273,male
sample1319,0.636160714,male
sample1320,0.616957721,male
sample1321,1.016015625,male
sample1322,0.6328125,male
sample1323,1.287388393,male
sample1324,1.076489826,male
sample1325,1.064877717,male
sample1326,0.606841216,male
sample1327,1.119140625,male
sample1328,0.595748547,male
sample1329,0.51615767,male
sample1330,0.992897727,male
sample1331,1.08423913,male
sample1332,0.84321733,male
sample1333,1.279101563,male
sample1334,0.979940878,male
sample1335,0.910546875,male
sample1336,1.279575893,male
sample1337,0.621471774,male
sample1338,0.925464527,male
sample1339,0.86328125,male
sample1340,1.536328125,male
sample1341,1.262109375,male
sample1342,0.758634868,male
sample1343,1.221428571,male
sample1344,0.658430233,male
sample1345,1.0546875,male
sample1346,1.545258621,male
sample1347,0.943359375,male
sample1348,1.67278343,male
sample1349,1.082386364,male
sample1350,0.717447917,male
sample1351,1.209578804,male
sample1352,1.171875,male
sample1353,1.130514706,male
sample1354,0.880664063,male
sample1355,0.836148649,male
sample1356,1.154575893,male
sample1357,0.949835526,male
sample1358,0.74296875,male
sample1359,1.094791667,male
sample1360,0.990998641,male
sample1361,1.159254808,male
sample1362,1.13671875,male
sample1363,1.296705163,male
sample1364,0.997112772,male
sample1365,1.053420608,male
sample1366,1.257621951,male
sample1367,0.881359012,male
sample1368,1.287627551,male
sample1369,1.608258929,male
sample1370,0.659505208,male
sample1371,1.01953125,male
sample1372,1.08046875,male
sample1373,1.0546875,male
sample1374,0.959765625,male
sample1375,1.563920455,male
sample1376,0.652434593,male
sample1377,0.530886628,male
sample1378,0.770089286,male
sample1379,1.519361413,male
sample1380,1.304296875,male
sample1381,0.732730263,male
sample1382,0.993421053,male
sample1383,0.845214844,male
sample1384,0.942307692,male
sample1385,0.8765625,male
sample1386,1.065027574,male
sample1387,0.984920058,male
sample1388,1.879136029,male
sample1389,1.714543269,male
sample1390,0.767578125,male
sample1391,0.927819293,male
sample1392,0.928353659,male
sample1393,1.381669207,male
sample1394,1.19578125,male
sample1395,0.67408288,male
sample1396,1.118229167,male
sample1397,0.914732143,male
sample1398,0.640243902,male
sample1399,0.952083333,male
sample1400,0.900240385,male
sample1401,1.177734375,male
sample1402,1.332370924,male
sample1403,1.311954942,male
sample1404,0.594460227,male
sample1405,0.967371324,male
sample1406,0.832280585,male
sample1407,0.682679521,male
sample1408,0.847478693,male
sample1409,1.4296875,male
sample1410,1.495535714,male
sample1411,1.052262931,male
sample1412,0.879241071,male
sample1413,0.812255859,male
sample1414,0.7734375,male
sample1415,1.231085526,male
sample1416,0.768369932,male
sample1417,0.982474662,male
sample1418,0.59193314,male
sample1419,1.0703125,male
sample1420,0.667633929,male
sample1421,0.872544643,male
sample1422,0.675585938,male
sample1423,0.781850962,male
sample1424,0.77943314,male
sample1425,1.612165179,male
sample1426,0.901339286,male
sample1427,0.642045455,male
sample1428,0.803571429,male
sample1429,0.367838542,male
sample1430,0.732896959,male
sample1431,1.10056516,male
sample1432,1.226785714,male
sample1433,1.128551136,male
sample1434,1.178571429,male
sample1435,1.369664634,male
sample1436,1.621875,male
sample1437,0.690588663,male
sample1438,0.466992188,male
sample1439,1.557617188,male
sample1440,1.460755814,male
sample1441,1.274553571,male
sample1442,0.64996189,male
sample1443,0.785456731,male
sample1444,1.139171512,male
sample1445,0.689368207,male
sample1446,0.928865132,male
sample1447,1.022460938,male
sample1448,0.947368421,male
sample1449,1.635298295,male
sample1450,1.08046875,male
sample1451,1.0078125,male
sample1452,0.848575368,male
sample1453,1.202473958,male
sample1454,0.6875,male
sample1455,0.547585227,male
sample1456,0.956031977,male
sample1457,0.986607143,male
sample1458,0.765202703,male
sample1459,0.512019231,male
sample1460,0.878004808,male
sample1461,0.6375,male
sample1462,0.389476103,male
sample1463,1.051930147,male
sample1464,1.389945652,male
sample1465,1.141845703,male
sample1466,0.867820946,male
sample1467,0.587139423,male
sample1468,0.846608232,male
sample1469,0.805191532,male
sample1470,0.643066406,male
sample1471,0.549913194,male
sample1472,0.496424788,male
sample1473,0.54296875,male
sample1474,0.710677083,male
sample1475,0.765243902,male
sample1476,1.089488636,male
sample1477,0.7546875,male
sample1478,1.141276042,male
sample1479,0.875,male
sample1480,1.226190476,male
sample1481,1.362268519,male
sample1482,0.984157986,male
sample1483,0.767578125,male
sample1484,0.585658482,male
sample1485,0.298076923,male
sample1486,0.299913194,male
sample1487,0.441497093,male
sample1488,0.43359375,male
sample1489,0.586143092,male
sample1490,0.33125,male
sample1491,0.416834677,male
sample1492,0.440104167,male
sample1493,0.745117188,male
sample1494,0.652549342,male
sample1495,0.581659226,male
sample1496,0.882472826,male
sample1497,0.498046875,male
sample1498,0.359193314,male
sample1499,0.642663043,male
sample1500,0.293229167,male
sample1501,0.3171875,male
sample1502,0.049479167,male
sample1503,0.06200133,male
sample1504,0.0859375,male
sample1505,0.081182065,male
sample1506,0.041619318,male
sample1507,0.05859375,male
sample1508,0.038217905,male
sample1509,0.046205357,male
sample1510,0.050223214,male
sample1511,0.068684896,male
sample1512,0.020833333,male
sample1513,0.061770833,male
sample1514,0.09375,male
sample1515,0.143049569,male
sample1516,0.141071429,male
sample1517,0.152777778,male
sample1518,0.107371795,male
sample1519,0.1359375,male
sample1520,0.058919271,male
sample1521,0.134765625,male
sample1522,0.113671875,male
sample1523,0.100497159,male
sample1524,0.038054435,male
sample1525,0.090731534,male
sample1526,0.125229779,male
sample1527,0.09129902,male
sample1528,0.080630896,male
sample1529,0.105208333,male
sample1530,0.0546875,male
sample1531,0.108162716,male
sample1532,0.030330882,male
sample1533,0.517578125,male
sample1534,0.41809082,male
sample1535,0.518851902,male
sample1536,0.472146739,male
sample1537,0.750450721,male
sample1538,0.83984375,male
sample1539,0.669389205,male
sample1540,0.862109375,male
sample1541,0.529785156,male
sample1542,0.399305556,male
sample1543,0.575608474,male
sample1544,0.467484086,male
sample1545,0.559179688,male
sample1546,0.541326349,male
sample1547,0.458577474,male
sample1548,0.537109375,male
sample1549,0.361703726,male
sample1550,0.424194336,male
sample1551,0.40629069,male
sample1552,0.468554688,male
sample1553,0.432761863,male
sample1554,0.42932581,male
sample1555,0.384803185,male
sample1556,0.483210637,male
sample1557,0.245117188,male
sample1558,0.317789714,male
sample1559,0.291841947,male
sample1560,0.390412704,male
sample1561,0.38170856,male
sample1562,0.229101563,male
sample1563,0.340625,male
sample1564,0.370703125,male
sample1565,0.408528646,male
sample1566,0.329499421,male
sample1567,0.499378551,male
sample1568,0.560037364,male
sample1569,0.408841647,male
sample1570,0.673828125,male
sample1571,0.916748047,male
sample1572,0.742750901,male
sample1573,0.514573317,male
sample1574,0.440538194,male
sample1575,0.654296875,male
sample1576,0.932241587,male
sample1577,0.575420673,male
sample1578,0.625904225,male
sample1579,0.574261209,male
sample1580,0.451049805,male
sample1581,0.429144965,male
sample1582,0.4671875,male
sample1583,0.420532227,male
sample1584,0.4609375,male
sample1585,0.272964015,female
sample1586,0.258969907,female
sample1587,0.250446429,female
sample1588,0.26953125,female
sample1589,0.26078869,female
sample1590,0.253125,female
sample1591,0.207331731,female
sample1592,0.205,female
sample1593,0.357244318,female
sample1594,0.222981771,female
sample1595,0.839015152,female
sample1596,0.64762931,female
sample1597,0.65625,female
sample1598,0.797916667,female
sample1599,0.451864919,female
sample1600,0.336647727,female
sample1601,0.741145833,female
sample1602,1.032552083,female
sample1603,1.224121094,female
sample1604,0.411931818,female
sample1605,0.680706522,female
sample1606,0.367647059,female
sample1607,0.462357955,female
sample1608,0.372282609,female
sample1609,0.610608553,female
sample1610,0.7265625,female
sample1611,0.825892857,female
sample1612,0.608695652,female
sample1613,0.172585227,female
sample1614,0.7765625,female
sample1615,0.788240132,female
sample1616,0.152478448,female
sample1617,0.15625,female
sample1618,0.08984375,female
sample1619,0.182528409,female
sample1620,0.162574405,female
sample1621,0.165104167,female
sample1622,0.173583984,female
sample1623,0.224137931,female
sample1624,0.222146739,female
sample1625,0.188368056,female
sample1626,0.719172297,female
sample1627,0.4628125,female
sample1628,0.4440625,female
sample1629,0.44875,female
sample1630,2.253551136,female
sample1631,0.885850694,female
sample1632,0.403993056,female
sample1633,0.419397866,female
sample1634,0.42588141,female
sample1635,1.33625,female
sample1636,1.494270833,female
sample1637,0.299862132,female
sample1638,0.83110119,female
sample1639,0.291666667,female
sample1640,0.1890625,female
sample1641,0.3215625,female
sample1642,0.206149194,female
sample1643,0.390213816,female
sample1644,0.184151786,female
sample1645,0.234765625,female
sample1646,0.206620066,female
sample1647,0.491159539,female
sample1648,0.2078125,female
sample1649,0.298233696,female
sample1650,0.929129464,female
sample1651,0.279605263,female
sample1652,0.6875,female
sample1653,0.338404605,female
sample1654,0.52173913,female
sample1655,0.509300595,female
sample1656,0.716517857,female
sample1657,0.305588942,female
sample1658,0.75625,female
sample1659,0.243359375,female
sample1660,0.359375,female
sample1661,0.3590625,female
sample1662,0.338169643,female
sample1663,0.525607639,female
sample1664,0.396634615,female
sample1665,0.832201087,female
sample1666,0.371582031,female
sample1667,0.477864583,female
sample1668,0.8775,female
sample1669,0.446875,female
sample1670,0.383333333,female
sample1671,0.479779412,female
sample1672,0.279211957,female
sample1673,0.301663306,female
sample1674,0.534667969,female
sample1675,0.640299479,female
sample1676,0.577059659,female
sample1677,0.5,female
sample1678,0.664496528,female
sample1679,0.225203804,female
sample1680,0.135625,female
sample1681,0.108537946,female
sample1682,0.130408654,female
sample1683,0.161258013,female
sample1684,0.0078125,female
sample1685,0.161865234,female
sample1686,0.244791667,female
sample1687,0.212611607,female
sample1688,0.17568109,female
sample1689,0.921875,female
sample1690,0.599826389,female
sample1691,0.441964286,female
sample1692,0.342391304,female
sample1693,0.373798077,female
sample1694,0.319010417,female
sample1695,0.623697917,female
sample1696,0.178030303,female
sample1697,0.1953125,female
sample1698,0.157608696,female
sample1699,0.218098958,female
sample1700,0.1875,female
sample1701,0.213541667,female
sample1702,0.195052083,female
sample1703,0.210205078,female
sample1704,0.188657407,female
sample1705,0.30078125,female
sample1706,0.329282407,female
sample1707,0.55703125,female
sample1708,0.594642857,female
sample1709,0.752377717,female
sample1710,0.456845238,female
sample1711,0.795496324,female
sample1712,0.549278846,female
sample1713,0.638849432,female
sample1714,0.580180921,female
sample1715,0.880729167,female
sample1716,0.4109375,female
sample1717,0.161979167,female
sample1718,0.23625,female
sample1719,0.374155405,female
sample1720,0.282589286,female
sample1721,0.084821429,female
sample1722,0.15,female
sample1723,0.549768519,female
sample1724,0.078325321,female
sample1725,0.078613281,female
sample1726,0.502887228,female
sample1727,1.044270833,female
sample1728,0.53515625,female
sample1729,0.777209052,female
sample1730,0.738581731,female
sample1731,0.872767857,female
sample1732,0.443181818,female
sample1733,1.043870192,female
sample1734,0.71875,female
sample1735,1.451302083,female
sample1736,0.653320313,female
sample1737,0.485085227,female
sample1738,0.79375,female
sample1739,1.534950658,female
sample1740,1.4890625,female
sample1741,1.2703125,female
sample1742,0.62890625,female
sample1743,0.583333333,female
sample1744,0.765625,female
sample1745,0.451822917,female
sample1746,0.191840278,female
sample1747,0.204044118,female
sample1748,0.690429688,female
sample1749,0.969375,female
sample1750,0.767427885,female
sample1751,0.493951613,female
sample1752,0.7734375,female
sample1753,0.859375,female
sample1754,0.748604911,female
sample1755,0.432154605,female
sample1756,1.002717391,female
sample1757,0.279513889,female
sample1758,0.201388889,female
sample1759,0.786328125,female
sample1760,0.287224265,female
sample1761,0.543174342,female
sample1762,0.616030093,female
sample1763,1.277157738,female
sample1764,0.740579044,female
sample1765,0.182692308,female
sample1766,0.802083333,female
sample1767,0.825246711,female
sample1768,0.640024038,female
sample1769,0.793973214,female
sample1770,0.231026786,female
sample1771,1.19921875,female
sample1772,0.194661458,female
sample1773,0.198893229,female
sample1774,0.557291667,female
sample1775,1.364375,female
sample1776,0.949544271,female
sample1777,0.184659091,female
sample1778,0.184210526,female
sample1779,0.203125,female
sample1780,0.653356481,female
sample1781,0.235416667,female
sample1782,0.5078125,female
sample1783,0.681451613,female
sample1784,0.541903409,female
sample1785,1.372395833,female
sample1786,0.98828125,female
sample1787,0.668346774,female
sample1788,0.676793981,female
sample1789,0.578125,female
sample1790,0.685546875,female
sample1791,0.844618056,female
sample1792,0.810546875,female
sample1793,0.5659375,female
sample1794,0.740625,female
sample1795,0.59205163,female
sample1796,0.269252232,female
sample1797,0.549753289,female
sample1798,0.472146739,female
sample1799,0.756835938,female
sample1800,0.695913462,female
sample1801,0.312288851,female
sample1802,0.430147059,female
sample1803,0.473090278,female
sample1804,0.375600962,female
sample1805,0.504136029,female
sample1806,0.596127717,female
sample1807,0.634967672,female
sample1808,0.519097222,female
sample1809,0.56015625,female
sample1810,0.693209135,female
sample1811,1.530790441,female
sample1812,0.550520833,female
sample1813,0.236505682,female
sample1814,0.557725694,female
sample1815,0.257161458,female
sample1816,0.949609375,female
sample1817,0.215247845,female
sample1818,0.746484375,female
sample1819,0.258300781,female
sample1820,0.833007813,female
sample1821,0.623535156,female
sample1822,0.692595109,female
sample1823,0.189453125,female
sample1824,0.84765625,female
sample1825,0.509868421,female
sample1826,0.244140625,female
sample1827,0.18359375,female
sample1828,0.976325758,female
sample1829,0.206861413,female
sample1830,0.947265625,female
sample1831,0.56640625,female
sample1832,0.6453125,female
sample1833,0.845833333,female
sample1834,0.205295139,female
sample1835,0.226151316,female
sample1836,0.673135081,female
sample1837,0.356060606,female
sample1838,1.0246875,female
sample1839,0.708705357,female
sample1840,0.599158654,female
sample1841,0.4609375,female
sample1842,0.898828125,female
sample1843,0.654017857,female
sample1844,0.209321121,female
sample1845,0.181884766,female
sample1846,0.179265203,female
sample1847,0.196546053,female
sample1848,0.465517241,female
sample1849,0.228236607,female
sample1850,0.301185345,female
sample1851,0.183001894,female
sample1852,0.226140203,female
sample1853,0.212553879,female
sample1854,0.142578125,female
sample1855,0.133854167,female
sample1856,0.88875,female
sample1857,0.552001953,female
sample1858,0.128125,female
sample1859,0.125625,female
sample1860,0.344835069,female
sample1861,0.149456522,female
sample1862,0.155172414,female
sample1863,0.220880682,female
sample1864,0.610753676,female
sample1865,0.338942308,female
sample1866,0.784179688,female
sample1867,0.633333333,female
sample1868,0.380208333,female
sample1869,0.197265625,female
sample1870,0.859375,female
sample1871,0.700892857,female
sample1872,0.796274038,female
sample1873,0.407483553,female
sample1874,1.0453125,female
sample1875,1.122070313,female
sample1876,0.5484375,female
sample1877,0.977163462,female
sample1878,0.871651786,female
sample1879,0.487760417,female
sample1880,0.550951087,female
sample1881,0.517578125,female
sample1882,0.195012019,female
sample1883,0.143415179,female
sample1884,0.164566532,female
sample1885,0.198939732,female
sample1886,0.183238636,female
sample1887,0.192522321,female
sample1888,0.174479167,female
sample1889,0.209635417,female
sample1890,0.180555556,female
sample1891,0.276241987,female
sample1892,0.251736111,female
sample1893,0.31640625,female
sample1894,0.236752717,female
sample1895,0.25,female
sample1896,0.268229167,female
sample1897,0.316761364,female
sample1898,0.264914773,female
sample1899,0.204545455,female
sample1900,0.242766204,female
sample1901,0.260216346,female
sample1902,0.241122159,female
sample1903,0.144003378,female
sample1904,0.197591146,female
sample1905,0.06640625,female
sample1906,0.0959375,female
sample1907,0.2315625,female
sample1908,0.068296371,female
sample1909,0.151654412,female
sample1910,0.184895833,female
sample1911,0.216594828,female
sample1912,0.188858696,female
sample1913,0.252197266,female
sample1914,0.436662946,female
sample1915,0.283333333,female
sample1916,0.240056818,female
sample1917,0.248816288,female
sample1918,0.2578125,female
sample1919,0.3209375,female
sample1920,0.255774457,female
sample1921,0.215297965,female
sample1922,0.0078125,female
sample1923,0.0078125,female
sample1924,0.0078125,female
sample1925,0.0078125,female
sample1926,0.0078125,female
sample1927,0.0078125,female
sample1928,0.0078125,female
sample1929,0.0078125,female
sample1930,0.0078125,female
sample1931,0.0078125,female
sample1932,0.663461538,female
sample1933,0.084635417,female
sample1934,0.186298077,female
sample1935,0.133820565,female
sample1936,0.064822635,female
sample1937,0.0859375,female
sample1938,0.099946121,female
sample1939,0.182565789,female
sample1940,0.190716912,female
sample1941,0.153545673,female
sample1942,1.364257813,female
sample1943,0.799739583,female
sample1944,0.8984375,female
sample1945,0.935396635,female
sample1946,1.055226293,female
sample1947,1.131510417,female
sample1948,1.740885417,female
sample1949,0.508877841,female
sample1950,0.474609375,female
sample1951,0.714154412,female
sample1952,1.107758621,female
sample1953,1.109085648,female
sample1954,0.6421875,female
sample1955,0.813858696,female
sample1956,0.831054688,female
sample1957,0.454503676,female
sample1958,1.007512019,female
sample1959,0.472916667,female
sample1960,1.044270833,female
sample1961,0.445746528,female
sample1962,1.029194079,female
sample1963,0.471484375,female
sample1964,0.322916667,female
sample1965,0.554956897,female
sample1966,0.239501953,female
sample1967,0.2509375,female
sample1968,0.191685268,female
sample1969,0.2428125,female
sample1970,0.636008523,female
sample1971,0.362792969,female
sample1972,0.4296875,female
sample1973,0.330965909,female
sample1974,0.299609375,female
sample1975,0.501233553,female
sample1976,0.361505682,female
sample1977,0.818014706,female
sample1978,0.3775,female
sample1979,1.217237903,female
sample1980,1.327929688,female
sample1981,0.348090278,female
sample1982,0.69233631,female
sample1983,0.775240385,female
sample1984,1.466145833,female
sample1985,0.956163194,female
sample1986,0.693953804,female
sample1987,1.0234375,female
sample1988,0.866935484,female
sample1989,0.358506944,female
sample1990,0.221827652,female
sample1991,0.249553571,female
sample1992,0.194711538,female
sample1993,0.171875,female
sample1994,0.325757576,female
sample1995,0.3546875,female
sample1996,0.21875,female
sample1997,0.635881696,female
sample1998,0.322443182,female
sample1999,0.365423387,female
sample2000,0.3015625,female
sample2001,0.297916667,female
sample2002,0.308159722,female
sample2003,0.244612069,female
sample2004,0.302671371,female
sample2005,0.283100329,female
sample2006,0.29921875,female
sample2007,0.290127841,female
sample2008,0.581825658,female
sample2009,0.447467672,female
sample2010,0.506433824,female
sample2011,0.591619318,female
sample2012,0.441271552,female
sample2013,0.520220588,female
sample2014,0.274739583,female
sample2015,0.308189655,female
sample2016,1.079545455,female
sample2017,0.33203125,female
sample2018,0.18359375,female
sample2019,0.475625,female
sample2020,0.180059524,female
sample2021,0.180706522,female
sample2022,0.26171875,female
sample2023,0.1375,female
sample2024,0.637408088,female
sample2025,0.275195313,female
sample2026,0.232244318,female
sample2027,0.0078125,female
sample2028,0.0078125,female
sample2029,0.0078125,female
sample2030,0.0078125,female
sample2031,0.0078125,female
sample2032,1.519258721,female
sample2033,1.22339527,female
sample2034,1.358297414,female
sample2035,1.474739583,female
sample2036,1.728472222,female
sample2037,2.264914773,female
sample2038,1.644176136,female
sample2039,1.56015625,female
sample2040,1.797883065,female
sample2041,1.270220588,female
sample2042,0.206801471,female
sample2043,0.18046875,female
sample2044,0.202148438,female
sample2045,0.184303977,female
sample2046,0.185112847,female
sample2047,0.250585938,female
sample2048,0.167447917,female
sample2049,1.706380208,female
sample2050,1.476728723,female
sample2051,1.350625,female
sample2052,1.346191406,female
sample2053,1.48671875,female
sample2054,1.500600962,female
sample2055,1.40943287,female
sample2056,1.128605769,female
sample2057,1.386101974,female
sample2058,1.846554487,female
sample2059,0.219951923,female
sample2060,0.175271739,female
sample2061,0.226875,female
sample2062,0.3575,female
sample2063,0.153459821,female
sample2064,0.199375,female
sample2065,0.436677632,female
sample2066,0.183482143,female
sample2067,0.302083333,female
sample2068,0.180027174,female
sample2069,0.215745192,female
sample2070,0.392857143,female
sample2071,0.405208333,female
sample2072,0.358530405,female
sample2073,0.222916667,female
sample2074,0.502197266,female
sample2075,0.380387931,female
sample2076,0.320043103,female
sample2077,0.531494141,female
sample2078,0.5415625,female
sample2079,1.613685345,female
sample2080,0.393229167,female
sample2081,0.200520833,female
sample2082,0.599264706,female
sample2083,0.63744213,female
sample2084,0.6678125,female
sample2085,0.912446121,female
sample2086,1.050551471,female
sample2087,0.668294271,female
sample2088,0.993389423,female
sample2089,0.601058468,female
sample2090,0.491796875,female
sample2091,1.029119318,female
sample2092,0.492431641,female
sample2093,0.8046875,female
sample2094,0.715692935,female
sample2095,0.389322917,female
sample2096,0.54296875,female
sample2097,0.608796296,female
sample2098,0.8246875,female
sample2099,0.691300676,female
sample2100,0.1834375,female
sample2101,0.434210526,female
sample2102,0.961681548,female
sample2103,0.992745536,female
sample2104,0.830193015,female
sample2105,0.185546875,female
sample2106,1.21484375,female
sample2107,0.48046875,female
sample2108,0.458333333,female
sample2109,0.192871094,female
sample2110,0.905348558,female
sample2111,1.309795673,female
sample2112,0.197115385,female
sample2113,0.859747024,female
sample2114,0.555606618,female
sample2115,0.540885417,female
sample2116,0.188476563,female
sample2117,0.543887868,female
sample2118,0.476779514,female
sample2119,0.69140625,female
sample2120,1.090909091,female
sample2121,1.120008681,female
sample2122,1.018465909,female
sample2123,0.799804688,female
sample2124,0.765625,female
sample2125,0.539641204,female
sample2126,1.0078125,female
sample2127,1.157510081,female
sample2128,0.736458333,female
sample2129,0.953125,female
sample2130,0.512319712,female
sample2131,0.578377016,female
sample2132,0.918154762,female
sample2133,1.150065104,female
sample2134,0.602822581,female
sample2135,0.637961648,female
sample2136,0.372098214,female
sample2137,0.269419643,female
sample2138,0.577845982,female
sample2139,0.402604167,female
sample2140,0.704910714,female
sample2141,0.807091346,female
sample2142,0.705729167,female
sample2143,0.190104167,female
sample2144,0.475852273,female
sample2145,0.618652344,female
sample2146,1.264322917,female
sample2147,0.360131048,female
sample2148,0.752377717,female
sample2149,0.178571429,female
sample2150,0.200721154,female
sample2151,0.198709239,female
sample2152,0.300321691,female
sample2153,1.041903409,female
sample2154,0.188419118,female
sample2155,0.829861111,female
sample2156,1.189453125,female
sample2157,0.888346354,female
sample2158,0.622596154,female
sample2159,1.252477134,female
sample2160,0.769345238,female
sample2161,0.489955357,female
sample2162,0.685614224,female
sample2163,0.902573529,female
sample2164,0.185997596,female
sample2165,0.497395833,female
sample2166,0.526953125,female
sample2167,0.895720109,female
sample2168,0.975520833,female
sample2169,0.3984375,female
sample2170,1.032894737,female
sample2171,0.6734375,female
sample2172,0.646205357,female
sample2173,0.907407407,female
sample2174,0.799316406,female
sample2175,0.197716346,female
sample2176,0.802389706,female
sample2177,1.862215909,female
sample2178,0.797554348,female
sample2179,1.545106132,female
sample2180,0.80859375,female
sample2181,0.819791667,female
sample2182,1.342013889,female
sample2183,1.596732955,female
sample2184,1.613002232,female
sample2185,1.351721939,female
sample2186,1.195738636,female
sample2187,1.607271635,female
sample2188,1.886917373,female
sample2189,1.14283288,female
sample2190,1.054142442,female
sample2191,1.619140625,female
sample2192,1.317522321,female
sample2193,1.224609375,female
sample2194,1.347905585,female
sample2195,1.278645833,female
sample2196,1.278362772,female
sample2197,1.866338315,female
sample2198,1.46875,female
sample2199,1.133609694,female
sample2200,1.301977041,female
sample2201,1.89401533,female
sample2202,1.558823529,female
sample2203,0.667747642,female
sample2204,1.682904412,female
sample2205,1.862533245,female
sample2206,0.745738636,female
sample2207,1.008965164,female
sample2208,0.999441964,female
sample2209,1.422056686,female
sample2210,1.040178571,female
sample2211,1.440104167,female
sample2212,1.773632813,female
sample2213,0.713465074,female
sample2214,1.351004464,female
sample2215,1.858963816,female
sample2216,1.64188058,female
sample2217,0.622677365,female
sample2218,0.977008929,female
sample2219,1.2365625,female
sample2220,1.577845982,female
sample2221,1.508477394,female
sample2222,1.338627049,female
sample2223,1.155838816,female
sample2224,2.131855867,female
sample2225,1.380420918,female
sample2226,0.976973684,female
sample2227,1.256478659,female
sample2228,1.6865625,female
sample2229,1.3725,female
sample2230,1.578835227,female
sample2231,1.966538915,female
sample2232,1.57453125,female
sample2233,1.999865302,female
sample2234,0.916619318,female
sample2235,1.958629261,female
sample2236,2.106445313,female
sample2237,2.199448529,female
sample2238,1.373863636,female
sample2239,0.482291667,female
sample2240,0.571514423,female
sample2241,0.524639423,female
sample2242,0.452256944,female
sample2243,0.533110119,female
sample2244,1.05,female
sample2245,0.231971154,female
sample2246,0.236886161,female
sample2247,0.559326172,female
sample2248,0.395559211,female
sample2249,0.274147727,female
sample2250,0.241071429,female
sample2251,0.239809783,female
sample2252,0.251602564,female
sample2253,0.261914063,female
sample2254,0.234130859,female
sample2255,0.556525735,female
sample2256,1.290798611,female
sample2257,0.458881579,female
sample2258,1.204427083,female
sample2259,0.4046875,female
sample2260,0.735839844,female
sample2261,0.732928241,female
sample2262,0.515625,female
sample2263,0.336292614,female
sample2264,1.957694575,female
sample2265,1.12549867,female
sample2266,1.042719415,female
sample2267,1.0359375,female
sample2268,1.311458333,female
sample2269,2.676988636,female
sample2270,1.158353365,female
sample2271,1.258246528,female
sample2272,0.861328125,female
sample2273,0.984809028,female
sample2274,1.150026483,female
sample2275,1.049202128,female
sample2276,1.118938578,female
sample2277,1.189002404,female
sample2278,1.888183594,female
sample2279,1.31349734,female
sample2280,0.947544643,female
sample2281,1.74375,female
sample2282,0.787860577,female
sample2283,1.818558673,female
sample2284,1.412109375,female
sample2285,2.059895833,female
sample2286,0.821484375,female
sample2287,0.499273256,female
sample2288,1.986816406,female
sample2289,1.443978659,female
sample2290,1.228365385,female
sample2291,1.921875,female
sample2292,1.278161337,female
sample2293,0.429332386,female
sample2294,1.5421875,female
sample2295,1.171432783,female
sample2296,1.988769531,female
sample2297,1.330078125,female
sample2298,2.12652439,female
sample2299,1.392857143,female
sample2300,0.826388889,female
sample2301,2.026147959,female
sample2302,0.946614583,female
sample2303,0.930803571,female
sample2304,1.573660714,female
sample2305,1.40013587,female
sample2306,1.015625,female
sample2307,1.2,female
sample2308,1.411556604,female
sample2309,1.110224185,female
sample2310,1.411414195,female
sample2311,1.178960756,female
sample2312,1.182397959,female
sample2313,0.935461957,female
sample2314,0.883806818,female
sample2315,0.966686321,female
sample2316,0.597146739,female
sample2317,1.308933424,female
sample2318,1.068229167,female
sample2319,0.940358232,female
sample2320,1.270507813,female
sample2321,1.596354167,female
sample2322,1.022949219,female
sample2323,2.072916667,female
sample2324,2.169819079,female
sample2325,1.028645833,female
sample2326,1.372395833,female
sample2327,2.0703125,female
sample2328,1.648105053,female
sample2329,1.449375,female
sample2330,1.309442935,female
sample2331,1.405273438,female
sample2332,0.8359375,female
sample2333,0.818080357,female
sample2334,1.524305556,female
sample2335,2.13231383,female
sample2336,0.706571691,female
sample2337,1.828125,female
sample2338,1.238970588,female
sample2339,1.213199013,female
sample2340,1.095578457,female
sample2341,1.412224265,female
sample2342,1.240513393,female
sample2343,2.288628472,female
sample2344,1.147170608,female
sample2345,1.955030488,female
sample2346,1.876674107,female
sample2347,1.350911458,female
sample2348,1.545410156,female
sample2349,0.8578125,female
sample2350,1.194222384,female
sample2351,0.87279212,female
sample2352,1.271364796,female
sample2353,1.567764946,female
sample2354,1.931349734,female
sample2355,1.249479167,female
sample2356,1.234556686,female
sample2357,1.179332386,female
sample2358,1.30640625,female
sample2359,0.882568359,female
sample2360,1.891544118,female
sample2361,1.208789063,female
sample2362,1.353889628,female
sample2363,1.480674342,female
sample2364,0.90625,female
sample2365,1.1484375,female
sample2366,0.789273649,female
sample2367,1.408743351,female
sample2368,1.350097656,female
sample2369,1.076822917,female
sample2370,1.689891582,female
sample2371,1.736143868,female
sample2372,1.272321429,female
sample2373,1.039425872,female
sample2374,2.095525568,female
sample2375,1.597478693,female
sample2376,1.655729167,female
sample2377,1.083639706,female
sample2378,2.496811224,female
sample2379,1.379011824,female
sample2380,0.848575368,female
sample2381,1.130859375,female
sample2382,0.992852394,female
sample2383,1.469308036,female
sample2384,1.488553779,female
sample2385,1.4765625,female
sample2386,1.497829861,female
sample2387,1.362912736,female
sample2388,1.99119016,female
sample2389,1.227764423,female
sample2390,0.702368952,female
sample2391,2.084872159,female
sample2392,0.728557181,female
sample2393,1.405761719,female
sample2394,1.925551471,female
sample2395,1.374202806,female
sample2396,0.820898438,female
sample2397,1.936336436,female
sample2398,1.141113281,female
sample2399,1.783007813,female
sample2400,1.444972826,female
sample2401,1.854980469,female
sample2402,1.036317568,female
sample2403,1.073167067,female
sample2404,1.925551471,female
sample2405,1.426011029,female
sample2406,1.145007622,female
sample2407,0.662234043,female
sample2408,2.248046875,female
sample2409,1.119140625,female
sample2410,1.385044643,female
sample2411,1.774902344,female
sample2412,1.012300532,female
sample2413,1.335379464,female
sample2414,1.695675872,female
sample2415,1.921386719,female
sample2416,1.060267857,female
sample2417,1.24375,female
sample2418,1.029349662,female
sample2419,1.835258152,female
sample2420,1.249830163,female
sample2421,1.260416667,female
sample2422,1.3203125,female
sample2423,1.190529337,female
sample2424,1.873958333,female
sample2425,1.719238281,female
sample2426,2.544270833,female
sample2427,1.131138393,female
sample2428,1.931046196,female
sample2429,1.000558036,female
sample2430,1.077059659,female
sample2431,2.15625,female
sample2432,1.073317308,female
sample2433,1.436311141,female
sample2434,2.21484375,female
sample2435,1.423076923,female
sample2436,1.840561224,female
sample2437,1.998653017,female
sample2438,1.0734375,female
sample2439,2.28609375,female
sample2440,2.408653846,female
sample2441,0.689405488,female
sample2442,2.142857143,female
sample2443,1.219983553,female
sample2444,1.566964286,female
sample2445,1.38515625,female
sample2446,1.055481992,female
sample2447,1.116727941,female
sample2448,1.244140625,female
sample2449,1.47234375,female
sample2450,1.678125,female
sample2451,1.355646307,female
sample2452,1.320675872,female
sample2453,0.825585938,female
sample2454,1.494260204,female
sample2455,0.50859375,female
sample2456,1.788174716,female
sample2457,1.742852394,female
sample2458,1.023074128,female
sample2459,1.431525735,female
sample2460,1.847395833,female
sample2461,2.059795673,female
sample2462,1.357380319,female
sample2463,0.883928571,female
sample2464,1.375887784,female
sample2465,1.011488971,female
sample2466,0.85952524,female
sample2467,0.825218023,female
sample2468,1.17375,female
sample2469,0.475534539,female
sample2470,1.690770349,female
sample2471,1.624565972,female
sample2472,1.493303571,female
sample2473,1.589154412,female
sample2474,1.379788306,female
sample2475,1.275735294,female
sample2476,1.2984375,female
sample2477,1.157924107,female
sample2478,0.95184949,female
sample2479,0.75375,female
sample2480,0.927933673,female
sample2481,1.166294643,female
sample2482,1.24624399,female
sample2483,1.2525,female
sample2484,1.373591189,female
sample2485,1.330528846,female
sample2486,1.751838235,female
sample2487,2.030965909,female
sample2488,1.408547794,female
sample2489,0.962402344,female
sample2490,1.532366071,female
sample2491,0.996512277,female
sample2492,1.503989362,female
sample2493,1.239889706,female
sample2494,0.9525,female
sample2495,0.966264205,female
sample2496,1.077674279,female
sample2497,1.044497283,female
sample2498,1.10953125,female
sample2499,1.407206633,female
sample2500,1.208533654,female
sample2501,1.192216981,female
sample2502,0.861979167,female
sample2503,0.649639423,female
sample2504,2.153808594,female
sample2505,0.590625,female
sample2506,1.2028125,female
sample2507,1.338994565,female
sample2508,1.68203125,female
sample2509,1.614940068,female
sample2510,0.788651316,female
sample2511,1.828480114,female
sample2512,1.8125,female
sample2513,2.591579861,female
sample2514,1.518359375,female
sample2515,2.174665179,female
sample2516,1.24660967,female
sample2517,1.95577567,female
sample2518,1.507653061,female
sample2519,1.782441737,female
sample2520,1.389361213,female
sample2521,1.616642442,female
sample2522,1.299632353,female
sample2523,1.474051339,female
sample2524,1.069148936,female
sample2525,1.909492925,female
sample2526,0.907752404,female
sample2527,1.591517857,female
sample2528,1.501399254,female
sample2529,1.574609375,female
sample2530,1.26512633,female
sample2531,1.221679688,female
sample2532,1.411236702,female
sample2533,1.613207547,female
sample2534,1.597470238,female
sample2535,1.265625,female
sample2536,1.735608553,female
sample2537,1.803786058,female
sample2538,1.115625,female
sample2539,1.346550708,female
sample2540,1.036658654,female
sample2541,1.509698276,female
sample2542,1.614746094,female
sample2543,2.183667453,female
sample2544,1.522553066,female
sample2545,1.687897246,female
sample2546,0.85407839,female
sample2547,1.79296875,female
sample2548,1.317555147,female
sample2549,1.209558824,female
sample2550,1.573545259,female
sample2551,2.121757075,female
sample2552,1.092275943,female
sample2553,1.849028716,female
sample2554,1.19125601,female
sample2555,0.910714286,female
sample2556,1.680226293,female
sample2557,0.956779234,female
sample2558,1.123535156,female
sample2559,1.443004261,female
sample2560,1.411998821,female
sample2561,1.065848214,female
sample2562,1.94838627,female
sample2563,1.318638393,female
sample2564,2.041725852,female
sample2565,0.914620536,female
sample2566,1.614462209,female
sample2567,0.885267857,female
sample2568,1.391680743,female
sample2569,0.66875,female
sample2570,0.895198171,female
sample2571,1.974451014,female
sample2572,0.939453125,female
sample2573,1.475945724,female
sample2574,1.529641544,female
sample2575,1.497532895,female
sample2576,1.169806985,female
sample2577,2.122043919,female
sample2578,0.926339286,female
sample2579,2.417317708,female
sample2580,0.752268145,female
sample2581,2.515443314,female
sample2582,1.74609375,female
sample2583,0.71875,female
sample2584,1.536389803,female
sample2585,2.229029605,female
sample2586,1.217371324,female
sample2587,1.487946429,female
sample2588,1.466751453,female
sample2589,1.420758929,female
sample2590,1.306985294,female
sample2591,1.562333777,female
sample2592,2.957682292,female
sample2593,1.560267857,female
sample2594,1.052678571,female
sample2595,1.326923077,female
sample2596,1.935416667,female
sample2597,1.929306402,female
sample2598,1.916424419,female
sample2599,1.66722973,female
sample2600,1.236672794,female
sample2601,1.937711149,female
sample2602,1.790178571,female
sample2603,2.002604167,female
sample2604,0.908035714,female
sample2605,1.111391129,female
sample2606,1.068892045,female
sample2607,1.24296875,female
sample2608,1.571875,female
sample2609,0.900965074,female
sample2610,0.725976563,female
sample2611,2.388444767,female
sample2612,2.204358553,female
sample2613,1.35546875,female
sample2614,1.025045956,female
sample2615,1.725109012,female
sample2616,1.9921875,female
sample2617,0.898615057,female
sample2618,1.575137868,female
sample2619,1.811132813,female
sample2620,1.816692073,female
sample2621,2.514160156,female
sample2622,1.618785511,female
sample2623,0.795454545,female
sample2624,1.587688578,female
sample2625,0.893554688,female
sample2626,1.262207031,female
sample2627,1.995888158,female
sample2628,1.344726563,female
sample2629,0.567595109,female
sample2630,0.947150735,female
sample2631,1.677329009,female
sample2632,1.64390625,female
sample2633,1.134566327,female
sample2634,1.38234375,female
sample2635,2.27290483,female
sample2636,1.121744792,female
sample2637,1.21875,female
sample2638,1.177019817,female
sample2639,1.862463663,female
sample2640,0.629011824,female
sample2641,1.164930556,female
sample2642,1.505701014,female
sample2643,0.892382813,female
sample2644,2.410235969,female
sample2645,1.228870739,female
sample2646,0.79453125,female
sample2647,1.16015625,female
sample2648,0.883042279,female
sample2649,1.196514423,female
sample2650,1.040039063,female
sample2651,0.787728659,female
sample2652,1.192819149,female
sample2653,0.757366071,female
sample2654,0.853515625,female
sample2655,1.543457031,female
sample2656,0.714527027,female
sample2657,0.947544643,female
sample2658,0.551846591,female
sample2659,1.480363176,female
sample2660,1.397727273,female
sample2661,0.631510417,female
sample2662,0.74400436,female
sample2663,1.118229167,female
sample2664,0.890625,female
sample2665,2.176081731,female
sample2666,1.439368207,female
sample2667,1.530061141,female
sample2668,0.877232143,female
sample2669,1.296415441,female
sample2670,1.181490385,female
sample2671,1.099028716,female
sample2672,0.961956522,female
sample2673,1.183333333,female
sample2674,0.577083333,female
sample2675,1.914789244,female
sample2676,1.988458807,female
sample2677,1.176235465,female
sample2678,1.592045455,female
sample2679,0.655771684,female
sample2680,0.598214286,female
sample2681,1.731382979,female
sample2682,0.992365057,female
sample2683,1.924958882,female
sample2684,1.40953125,female
sample2685,1.26046875,female
sample2686,1.304199219,female
sample2687,1.887784091,female
sample2688,0.925531915,female
sample2689,1.449424342,female
sample2690,1.113502358,female
sample2691,0.897460938,female
sample2692,1.80890625,female
sample2693,1.190789474,female
sample2694,2.076208726,female
sample2695,1.245793269,female
sample2696,1.492633929,female
sample2697,2.065369898,female
sample2698,2.0625,female
sample2699,1.227163462,female
sample2700,1.527604167,female
sample2701,1.18984375,female
sample2702,1.59890625,female
sample2703,1.220552885,female
sample2704,1.680245536,female
sample2705,1.70703125,female
sample2706,1.36875,female
sample2707,1.78515625,female
sample2708,2.43650266,female
sample2709,2.4921875,female
sample2710,1.689732143,female
sample2711,1.224609375,female
sample2712,2.061990489,female
sample2713,1.91068892,female
sample2714,1.930889423,female
sample2715,0.815917969,female
sample2716,1.256510417,female
sample2717,1.486683239,female
sample2718,1.394230769,female
sample2719,1.817223837,female
sample2720,0.861177885,female
sample2721,1.415039063,female
sample2722,1.122596154,female
sample2723,1.050685976,female
sample2724,1.752790179,female
sample2725,1.041503906,female
sample2726,0.756696429,female
sample2727,0.9140625,female
sample2728,1.286132813,female
sample2729,1.8125,female
sample2730,2.516474185,female
sample2731,2.12890625,female
sample2732,1.405598958,female
sample2733,1.740056818,female
sample2734,0.473894817,female
sample2735,1.601367188,female
sample2736,1.692950581,female
sample2737,1.691964286,female
sample2738,1.79211128,female
sample2739,1.586348684,female
sample2740,1.973736702,female
sample2741,1.662259615,female
sample2742,0.604440789,female
sample2743,1.90962358,female
sample2744,2.139445755,female
sample2745,1.015024038,female
sample2746,1.318359375,female
sample2747,0.692123724,female
sample2748,0.708864796,female
sample2749,2.076208726,female
sample2750,1.303977273,female
sample2751,1.225665984,female
sample2752,2.094113372,female
sample2753,1.056152344,female
sample2754,0.832280585,female
sample2755,1.6875,female
sample2756,1.119977679,female
sample2757,1.032528409,female
sample2758,0.932513298,female
sample2759,1.140997024,female
sample2760,1.272058824,female
sample2761,0.702682783,female
sample2762,1.081163194,female
sample2763,0.993669181,female
sample2764,1.026367188,female
sample2765,1.603430707,female
sample2766,1.305959302,female
sample2767,2.284943182,female
sample2768,1.115171371,female
sample2769,0.886513158,female
sample2770,1.388671875,female
sample2771,0.729567308,female
sample2772,0.812988281,female
sample2773,1.199573864,female
sample2774,1.611228814,female
sample2775,1.15234375,female
sample2776,1.706779234,female
sample2777,1.372983871,female
sample2778,1.484002976,female
sample2779,1.013327206,female
sample2780,1.658967391,female
sample2781,1.469809322,female
sample2782,0.57421875,female
sample2783,1.637899709,female
sample2784,1.537146226,female
sample2785,1.081107955,female
sample2786,1.566310976,female
sample2787,1.576450893,female
sample2788,1.568543632,female
sample2789,1.675520833,female
sample2790,0.533511513,female
sample2791,1.273603723,female
sample2792,1.280649038,female
sample2793,1.940805288,female
sample2794,1.7078125,female
sample2795,1.151654412,female
sample2796,1.6453125,female
sample2797,0.939012097,female
sample2798,1.337289663,female
sample2799,1.680959302,female
sample2800,1.55078125,female
sample2801,1.654146635,female
sample2802,1.104352679,female
sample2803,0.747395833,female
sample2804,1.651147959,female
sample2805,1.53125,female
sample2806,1.623046875,female
sample2807,1.278362772,female
sample2808,1.228236607,female
sample2809,1.295686141,female
sample2810,1.595833333,female
sample2811,1.775082237,female
sample2812,1.793207908,female
sample2813,1.041772959,female
sample2814,1.455915179,female
sample2815,1.22503811,female
sample2816,1.615835337,female
sample2817,1.2271875,female
sample2818,1.604352679,female
sample2819,1.310461957,female
sample2820,1.052246094,female
sample2821,1.610677083,female
sample2822,1.31776148,female
sample2823,0.86665483,female
sample2824,1.030273438,female
sample2825,2.004807692,female
sample2826,1.054245283,female
sample2827,1.018168605,female
sample2828,1.45,female
sample2829,0.793048469,female
sample2830,0.667668269,female
sample2831,1.233173077,female
sample2832,1.773290094,female
sample2833,1.53568892,female
sample2834,0.787609012,female
sample2835,1.1671875,female
sample2836,1.161132813,female
sample2837,1.444550305,female
sample2838,0.987723214,female
sample2839,1.633370536,female
sample2840,1.0434375,female
sample2841,2.520148026,female
sample2842,2.414572011,female
sample2843,0.99662642,female
sample2844,1.261284722,female
sample2845,1.580915179,female
sample2846,1.380729167,female
sample2847,1.736586085,female
sample2848,0.992506378,female
sample2849,1.4828125,female
sample2850,1.089557927,female
sample2851,0.794016768,female
sample2852,1.336894133,female
sample2853,1.815104167,female
sample2854,2.253038194,female
sample2855,1.352741745,female
sample2856,1.306783537,female
sample2857,0.672044837,female
sample2858,1.242621528,female
sample2859,1.268118351,female
sample2860,1.2759375,female
sample2861,1.504934211,female
sample2862,1.549431818,female
sample2863,1.779255319,female
sample2864,1.381097561,female
sample2865,1.123242188,female
sample2866,0.908052885,female
sample2867,0.910524764,female
sample2868,1.071354167,female
sample2869,0.854651163,female
sample2870,1.341921543,female
sample2871,0.759375,female
sample2872,0.930042614,female
sample2873,0.701785714,female
sample2874,1.233952703,female
sample2875,0.907137784,female
sample2876,1.094702744,female
sample2877,1.3359375,female
sample2878,2.228816106,female
sample2879,1.385044643,female
sample2880,0.720982143,female
sample2881,1.11796875,female
sample2882,0.856584821,female
sample2883,0.78462358,female
sample2884,1.10953125,female
sample2885,2.523246951,female
sample2886,1.301398026,female
sample2887,1.449908088,female
sample2888,1.930921053,female
sample2889,2.123666159,female
sample2890,1.250710227,female
sample2891,1.12125,female
sample2892,2.403782895,female
sample2893,1.99828125,female
sample2894,1.677455357,female
sample2895,0.799266582,female
sample2896,1.061448317,female
sample2897,1.635,female
sample2898,1.288043478,female
sample2899,1.248728198,female
sample2900,0.890146684,female
sample2901,0.928925305,female
sample2902,1.500442217,female
sample2903,1.56625601,female
sample2904,1.147135417,female
sample2905,1.074048913,female
sample2906,1.721153846,female
sample2907,0.706054688,female
sample2908,0.680320946,female
sample2909,1.088778409,female
sample2910,1.338485054,female
sample2911,1.183866279,female
sample2912,0.559895833,female
sample2913,1.328506098,female
sample2914,0.619055707,female
sample2915,0.684121622,female
sample2916,2.020647321,female
sample2917,1.9765625,female
sample2918,1.592633929,female
sample2919,1.306770833,female
sample2920,1.333333333,female
sample2921,1.37890625,female
sample2922,0.943704044,female
sample2923,1.004261364,female
sample2924,0.533967391,female
sample2925,0.276241987,female
sample2926,0.461647727,female
sample2927,0.660665761,female
sample2928,0.492931548,female
sample2929,0.64546131,female
sample2930,0.620404412,female
sample2931,0.797475962,female
sample2932,0.127170139,female
sample2933,0.104992378,female
sample2934,0.115171371,female
sample2935,0.285773026,female
sample2936,0.184027778,female
sample2937,0.071915064,female
sample2938,0.063802083,female
sample2939,0.1703125,female
sample2940,0.115451389,female
sample2941,0.691611842,female
sample2942,0.855208333,female
sample2943,0.890136719,female
sample2944,0.378396739,female
sample2945,0.643359375,female
sample2946,0.676470588,female
sample2947,0.829545455,female
sample2948,1.228027344,female
sample2949,0.868359375,female
sample2950,1.295036765,female
sample2951,0.084302326,female
sample2952,0.158511513,female
sample2953,0.166852679,female
sample2954,0.145507813,female
sample2955,0.037790698,female
sample2956,0.0078125,female
sample2957,0.0078125,female
sample2958,0.0078125,female
sample2959,0.023290094,female
sample2960,1.007254464,female
sample2961,1.20140439,female
sample2962,0.791259766,female
sample2963,0.812544389,female
sample2964,0.92961238,female
sample2965,1.379975818,female
sample2966,1.205166903,female
sample2967,1.56419837,female
sample2968,0.512288411,female
sample2969,1.246279762,female
sample2970,0.944260817,female
sample2971,1.116465693,female
sample2972,0.806387442,female
sample2973,0.984863281,female
sample2974,1.237150493,female
sample2975,1.158156622,female
sample2976,0.357384315,female
sample2977,0.591227214,female
sample2978,0.809814453,female
sample2979,0.834263393,female
sample2980,0.37995515,female
sample2981,0.838357677,female
sample2982,0.963948568,female
sample2983,1.038004557,female
sample2984,0.498259171,female
sample2985,0.866827714,female
sample2986,0.354447798,female
sample2987,1.022135417,female
sample2988,0.524236506,female
sample2989,0.503336589,female
sample2990,0.559285482,female
sample2991,0.931980299,female
sample2992,0.585725204,female
sample2993,0.944380327,female
sample2994,0.703125,female
sample2995,1.372767857,female
sample2996,0.520907315,female
sample2997,0.715997869,female
sample2998,1.110491071,female
sample2999,1.001464844,female
sample3000,1.137491862,female
sample3001,0.930175781,female
sample3002,1.015625,female
sample3003,1.076416016,female
sample3004,0.793340774,female
sample3005,1.466619318,female
sample3006,1.289699389,female
sample3007,0.489366319,female
sample3008,0.781656901,female
sample3009,0.906982422,female
sample3010,1.182803199,female
sample3011,0.985351563,female
sample3012,0.476392663,female
sample3013,0.486450195,female
sample3014,0.405273438,female
sample3015,0.46105018,female
sample3016,0.522460938,female
sample3017,0.810546875,female
sample3018,0.538330078,female
sample3019,0.740559896,female
sample3020,0.549422554,female
sample3021,0.532769097,female
sample3022,0.455367477,female
sample3023,0.476597377,female
sample3024,0.494717685,female
sample3025,0.501302083,female
sample3026,0.409592849,female
sample3027,0.517781576,female
sample3028,0.419311523,female
sample3029,0.419921875,female
sample3030,0.411783854,female
sample3031,0.433304398,female
sample3032,0.327929688,female
sample3033,0.483022837,female
sample3034,0.367838542,female
sample3035,0.470252404,female
sample3036,0.42734375,female
sample3037,0.367382813,female
sample3038,0.359375,female
sample3039,0.394422743,female
sample3040,0.36722819,female
sample3041,0.448467548,female
sample3042,0.400578425,female
sample3043,0.419546274,female
sample3044,0.330810547,female
sample3045,0.516854745,female
sample3046,0.422551082,female
sample3047,0.554402669,female
sample3048,0.465901693,female
sample3049,0.454101563,female
sample3050,0.442708333,female
sample3051,0.479454627,female
sample3052,0.469637784,female
sample3053,0.528846154,female
sample3054,0.44453125,female
sample3055,0.462351832,female
sample3056,0.461425781,female
sample3057,0.451171875,female
sample3058,0.360281808,female
sample3059,0.429492188,female
sample3060,0.442911784,female
sample3061,0.4609375,female
sample3062,0.44151893,female
sample3063,0.491420201,female
sample3064,0.24395978,female
sample3065,0.235640914,female
sample3066,0.315504808,female
sample3067,0.291160301,female
sample3068,0.545789931,female
sample3069,0.693547175,female
sample3070,0.668073382,female
sample3071,0.699688947,female
sample3072,0.59516059,female
sample3073,0.454289363,female
sample3074,0.812355324,female
sample3075,0.376164363,female
sample3076,0.177770544,female
sample3077,0.177471454,female
sample3078,0.17578125,female
sample3079,0.186132813,female
sample3080,0.284517728,female
sample3081,0.196533203,female
sample3082,0.180288462,female
sample3083,0.287304688,female
sample3084,0.303485577,female
sample3085,0.214257813,female
sample3086,0.187800481,female
sample3087,0.270905671,female
sample3088,0.21465595,female
sample3089,0.177589699,female
sample3090,0.196940104,female
sample3091,0.176532452,female
sample3092,0.17183744,female
sample3093,0.174153646,female
sample3094,0.169020433,female
sample3095,0.218036358,female
sample3096,0.229130498,female
sample3097,0.176478795,female
sample3098,0.184100116,female
sample3099,0.756460337,female
sample3100,0.759089543,female
sample3101,0.69281684,female
sample3102,0.867874711,female
sample3103,0.806835938,female
sample3104,0.819769965,female
sample3105,0.584671586,female
sample3106,0.62890625,female
sample3107,0.443584736,female
sample3108,0.823748553,female
sample3109,0.170717593,female
sample3110,0.247757523,female
sample3111,0.211275541,female
sample3112,0.187813895,female
sample3113,0.172776442,female
sample3114,1.289300537,female
sample3115,1.688871397,female
sample3116,1.776678146,female
sample3117,1.749256089,female
sample3118,1.133598915,female
sample3119,1.732494696,female
sample3120,1.340775373,female
sample3121,2.190405273,female
sample3122,1.41177063,female
sample3123,1.351664708,female
sample3124,0.488985656,female
sample3125,0.76014459,female
sample3126,0.845108696,female
sample3127,0.354910714,female
sample3128,0.685132576,female
sample3129,0.595578457,female
sample3130,0.720588235,female
sample3131,0.70014881,female
sample3132,1.01953125,female
sample3133,1.11328125,female
sample3134,0.661328125,female
sample3135,0.577864583,female
sample3136,0.334263393,female
sample3137,0.751302083,female
sample3138,0.423639113,female
sample3139,0.566840278,female
sample3140,0.877604167,female
sample3141,0.614109848,female
sample3142,0.188720703,female
sample3143,0.297952586,female
sample3144,0.634014423,female
sample3145,0.767314189,female
sample3146,0.328962054,female
sample3147,0.293526786,female
sample3148,0.214725379,female
sample3149,0.497721354,female
sample3150,0.735452586,female
sample3151,0.354366987,female
sample3152,0.622488839,female
sample3153,1.361213235,female
sample3154,1.370192308,female
sample3155,0.71875,female
sample3156,0.637920673,female
sample3157,0.59375,female
sample3158,0.875558036,female
sample3159,0.5503125,female
sample3160,0.98828125,female
sample3161,0.766741071,female
sample3162,0.4140625,female
sample3163,0.533854167,female
sample3164,0.832899306,female
sample3165,0.909855769,female
sample3166,0.494270833,female
sample3167,0.791360294,female
sample3168,0.227022059,female