<?xml version="1.0" encoding="UTF-8"?>
<config xmlns="http://www.knime.org/2008/09/XMLConfig" xmlns:xsi="http://www.w3.org/2001/XMLSchema-instance" xsi:schemaLocation="http://www.knime.org/2008/09/XMLConfig http://www.knime.org/XMLConfig_2008_09.xsd" key="model.xml">
<entry key="version" type="xint" value="1"/>
<entry key="class_name" type="xstring" value="org.knime.base.node.mine.transformation.port.TransformationPortObjectSpec"/>
<config key="model">
<entry key="transformation_type" type="xbyte" value="0"/>
<config key="input_column_names">
<entry key="array-size" type="xint" value="20"/>
<entry key="0" type="xstring" value="meanfreq"/>
<entry key="1" type="xstring" value="sd"/>
<entry key="2" type="xstring" value="median"/>
<entry key="3" type="xstring" value="Q25"/>
<entry key="4" type="xstring" value="Q75"/>
<entry key="5" type="xstring" value="IQR"/>
<entry key="6" type="xstring" value="skew"/>
<entry key="7" type="xstring" value="kurt"/>
<entry key="8" type="xstring" value="sp.ent"/>
<entry key="9" type="xstring" value="sfm"/>
<entry key="10" type="xstring" value="mode"/>
<entry key="11" type="xstring" value="centroid"/>
<entry key="12" type="xstring" value="meanfun"/>
<entry key="13" type="xstring" value="minfun"/>
<entry key="14" type="xstring" value="maxfun"/>
<entry key="15" type="xstring" value="meandom"/>
<entry key="16" type="xstring" value="mindom"/>
<entry key="17" type="xstring" value="maxdom"/>
<entry key="18" type="xstring" value="dfrange"/>
<entry key="19" type="xstring" value="modindx"/>
</config>
<entry key="max_dim_to_reduce_to" type="xint" value="20"/>
</config>
</config>
