<?xml version="1.0" encoding="UTF-8"?>
<config xmlns="http://www.knime.org/2008/09/XMLConfig" xmlns:xsi="http://www.w3.org/2001/XMLSchema-instance" xsi:schemaLocation="http://www.knime.org/2008/09/XMLConfig http://www.knime.org/XMLConfig_2008_09.xsd" key="model.xml">
<entry key="version" type="xint" value="1"/>
<entry key="class_name" type="xstring" value="org.knime.base.node.mine.transformation.port.TransformationPortObject"/>
<config key="model">
<entry key="max_dim_to_reduce_to" type="xint" value="20"/>
<config key="eigenvalues">
<entry key="array-size" type="xint" value="20"/>
<entry key="0" type="xdouble" value="9.050309942062176"/>
<entry key="1" type="xdouble" value="2.3033194393767094"/>
<entry key="2" type="xdouble" value="2.227819642306414"/>
<entry key="3" type="xdouble" value="1.513229240369339"/>
<entry key="4" type="xdouble" value="1.0948420381244346"/>
<entry key="5" type="xdouble" value="0.9469777745977478"/>
<entry key="6" type="xdouble" value="0.615966879101067"/>
<entry key="7" type="xdouble" value="0.5778139370177972"/>
<entry key="8" type="xdouble" value="0.4922043365721309"/>
<entry key="9" type="xdouble" value="0.3782594181722725"/>
<entry key="10" type="xdouble" value="0.33238360560022584"/>
<entry key="11" type="xdouble" value="0.1741910392117787"/>
<entry key="12" type="xdouble" value="0.13200065794952803"/>
<entry key="13" type="xdouble" value="0.09536093890412843"/>
<entry key="14" type="xdouble" value="0.046087430666022694"/>
<entry key="15" type="xdouble" value="0.011639264697029302"/>
<entry key="16" type="xdouble" value="0.007594415271228854"/>
<entry key="17" type="xdouble" value="1.4204420040275987E-15"/>
<entry key="18" type="xdouble" value="0.0"/>
<entry key="19" type="xdouble" value="0.0"/>
</config>
<config key="center">
<entry key="array-size" type="xint" value="20"/>
<entry key="0" type="xdouble" value="-6.096523025994616E-15"/>
<entry key="1" type="xdouble" value="-2.6580300460654627E-15"/>
<entry key="2" type="xdouble" value="-3.6715964470135365E-15"/>
<entry key="3" type="xdouble" value="-1.975416358268589E-15"/>
<entry key="4" type="xdouble" value="6.111105545214546E-15"/>
<entry key="5" type="xdouble" value="-1.1746246336707955E-15"/>
<entry key="6" type="xdouble" value="2.4605968304558523E-16"/>
<entry key="7" type="xdouble" value="-7.342759213158079E-17"/>
<entry key="8" type="xdouble" value="-8.275823602799104E-15"/>
<entry key="9" type="xdouble" value="1.1972844590757425E-15"/>
<entry key="10" type="xdouble" value="-2.101834331580399E-15"/>
<entry key="11" type="xdouble" value="-6.096523025994616E-15"/>
<entry key="12" type="xdouble" value="1.7633464133304244E-15"/>
<entry key="13" type="xdouble" value="1.3998134248960348E-15"/>
<entry key="14" type="xdouble" value="2.3802574494746764E-15"/>
<entry key="15" type="xdouble" value="2.894819800536297E-16"/>
<entry key="16" type="xdouble" value="1.0202342443088597E-16"/>
<entry key="17" type="xdouble" value="-4.3725873616340394E-16"/>
<entry key="18" type="xdouble" value="1.0950441942103595E-15"/>
<entry key="19" type="xdouble" value="2.0751629581372555E-16"/>
</config>
<entry key="number_rows" type="xint" value="20"/>
<config key="eigenvector">
<config key="row_0">
<entry key="array-size" type="xint" value="20"/>
<entry key="0" type="xdouble" value="0.314056521110882"/>
<entry key="1" type="xdouble" value="-0.2801637535409277"/>
<entry key="2" type="xdouble" value="0.2791568689474021"/>
<entry key="3" type="xdouble" value="0.3035916498260113"/>
<entry key="4" type="xdouble" value="0.19318999755021946"/>
<entry key="5" type="xdouble" value="-0.24309198458027972"/>
<entry key="6" type="xdouble" value="-0.1304313709042493"/>
<entry key="7" type="xdouble" value="-0.13196794665255449"/>
<entry key="8" type="xdouble" value="-0.22140506990594558"/>
<entry key="9" type="xdouble" value="-0.2745110938258941"/>
<entry key="10" type="xdouble" value="0.24072960625227383"/>
<entry key="11" type="xdouble" value="0.31405652111088184"/>
<entry key="12" type="xdouble" value="0.18503395585871354"/>
<entry key="13" type="xdouble" value="0.15502452661009358"/>
<entry key="14" type="xdouble" value="0.10719306571992546"/>
<entry key="15" type="xdouble" value="0.22427770236804026"/>
<entry key="16" type="xdouble" value="0.08914494597075179"/>
<entry key="17" type="xdouble" value="0.23033547608250005"/>
<entry key="18" type="xdouble" value="0.22886677071983674"/>
<entry key="19" type="xdouble" value="-0.08680614603343459"/>
</config>
<config key="row_1">
<entry key="array-size" type="xint" value="20"/>
<entry key="0" type="xdouble" value="-0.038697318567979554"/>
<entry key="1" type="xdouble" value="0.17500633462761261"/>
<entry key="2" type="xdouble" value="-0.026104775768499653"/>
<entry key="3" type="xdouble" value="-0.13480094747476054"/>
<entry key="4" type="xdouble" value="0.15975864917139218"/>
<entry key="5" type="xdouble" value="0.2413733898151213"/>
<entry key="6" type="xdouble" value="-0.39112777643124963"/>
<entry key="7" type="xdouble" value="-0.3385733383420196"/>
<entry key="8" type="xdouble" value="0.3875366467286401"/>
<entry key="9" type="xdouble" value="0.24813996591970025"/>
<entry key="10" type="xdouble" value="0.1318211946911079"/>
<entry key="11" type="xdouble" value="-0.03869731856797936"/>
<entry key="12" type="xdouble" value="-0.1217902972365072"/>
<entry key="13" type="xdouble" value="0.017209480704615133"/>
<entry key="14" type="xdouble" value="0.1838315761464626"/>
<entry key="15" type="xdouble" value="0.26377796542274146"/>
<entry key="16" type="xdouble" value="-0.2693444284798276"/>
<entry key="17" type="xdouble" value="0.2868910671527583"/>
<entry key="18" type="xdouble" value="0.2917872146184299"/>
<entry key="19" type="xdouble" value="-0.09218876272776656"/>
</config>
<config key="row_2">
<entry key="array-size" type="xint" value="20"/>
<entry key="0" type="xdouble" value="-0.009051196169897264"/>
<entry key="1" type="xdouble" value="-0.12160721066735794"/>
<entry key="2" type="xdouble" value="-0.03993886995434014"/>
<entry key="3" type="xdouble" value="0.09549787412759289"/>
<entry key="4" type="xdouble" value="-0.15149189119502332"/>
<entry key="5" type="xdouble" value="-0.1918184855200414"/>
<entry key="6" type="xdouble" value="-0.4378184363592699"/>
<entry key="7" type="xdouble" value="-0.4676791359911172"/>
<entry key="8" type="xdouble" value="0.14779637979567015"/>
<entry key="9" type="xdouble" value="0.0682672720324872"/>
<entry key="10" type="xdouble" value="0.0775431487617897"/>
<entry key="11" type="xdouble" value="-0.009051196169897234"/>
<entry key="12" type="xdouble" value="0.018913704012226005"/>
<entry key="13" type="xdouble" value="0.04811621555342261"/>
<entry key="14" type="xdouble" value="-0.3158360334137895"/>
<entry key="15" type="xdouble" value="-0.09338709094321161"/>
<entry key="16" type="xdouble" value="0.26614527364108853"/>
<entry key="17" type="xdouble" value="-0.19219003708335045"/>
<entry key="18" type="xdouble" value="-0.19698543451375258"/>
<entry key="19" type="xdouble" value="0.4625395582404784"/>
</config>
<config key="row_3">
<entry key="array-size" type="xint" value="20"/>
<entry key="0" type="xdouble" value="0.24215456106782474"/>
<entry key="1" type="xdouble" value="0.21466432011915343"/>
<entry key="2" type="xdouble" value="0.3515123405334572"/>
<entry key="3" type="xdouble" value="0.05717279568011616"/>
<entry key="4" type="xdouble" value="0.547928294834587"/>
<entry key="5" type="xdouble" value="0.23221505959889754"/>
<entry key="6" type="xdouble" value="-0.002698031384012258"/>
<entry key="7" type="xdouble" value="0.03096633263085611"/>
<entry key="8" type="xdouble" value="0.14466931481744139"/>
<entry key="9" type="xdouble" value="0.033040679355613056"/>
<entry key="10" type="xdouble" value="0.16843555642112626"/>
<entry key="11" type="xdouble" value="0.24215456106782451"/>
<entry key="12" type="xdouble" value="-0.14347302095825817"/>
<entry key="13" type="xdouble" value="-0.05353697166704582"/>
<entry key="14" type="xdouble" value="-0.025508679358227353"/>
<entry key="15" type="xdouble" value="-0.2567603405950448"/>
<entry key="16" type="xdouble" value="-0.08161707400101159"/>
<entry key="17" type="xdouble" value="-0.32222012822429813"/>
<entry key="18" type="xdouble" value="-0.3209273950524389"/>
<entry key="19" type="xdouble" value="0.02821709657621083"/>
</config>
<config key="row_4">
<entry key="array-size" type="xint" value="20"/>
<entry key="0" type="xdouble" value="0.028308419123520584"/>
<entry key="1" type="xdouble" value="-0.02059955890001073"/>
<entry key="2" type="xdouble" value="0.03918302340013704"/>
<entry key="3" type="xdouble" value="-0.06274508409278812"/>
<entry key="4" type="xdouble" value="0.08710922891413471"/>
<entry key="5" type="xdouble" value="0.11927813306758227"/>
<entry key="6" type="xdouble" value="0.10562598904499587"/>
<entry key="7" type="xdouble" value="0.12289434730307087"/>
<entry key="8" type="xdouble" value="0.021425569678695494"/>
<entry key="9" type="xdouble" value="-0.03989503248604103"/>
<entry key="10" type="xdouble" value="0.11385662539508308"/>
<entry key="11" type="xdouble" value="0.028308419123520546"/>
<entry key="12" type="xdouble" value="-0.5325207501126397"/>
<entry key="13" type="xdouble" value="-0.21555517626848444"/>
<entry key="14" type="xdouble" value="-0.5374360399150043"/>
<entry key="15" type="xdouble" value="0.19079564852631542"/>
<entry key="16" type="xdouble" value="0.42641294698081933"/>
<entry key="17" type="xdouble" value="0.21455688115134786"/>
<entry key="18" type="xdouble" value="0.2071175646678941"/>
<entry key="19" type="xdouble" value="-0.05803712024771379"/>
</config>
<config key="row_5">
<entry key="array-size" type="xint" value="20"/>
<entry key="0" type="xdouble" value="0.04724914195740361"/>
<entry key="1" type="xdouble" value="-0.1477953611765399"/>
<entry key="2" type="xdouble" value="0.009019876859099649"/>
<entry key="3" type="xdouble" value="0.1881210375383723"/>
<entry key="4" type="xdouble" value="-0.12003483537320514"/>
<entry key="5" type="xdouble" value="-0.2809193571003727"/>
<entry key="6" type="xdouble" value="-0.1263103127333197"/>
<entry key="7" type="xdouble" value="-0.14972755945147317"/>
<entry key="8" type="xdouble" value="0.07813359249006951"/>
<entry key="9" type="xdouble" value="0.001784695161353779"/>
<entry key="10" type="xdouble" value="-0.071229629816892"/>
<entry key="11" type="xdouble" value="0.04724914195740346"/>
<entry key="12" type="xdouble" value="-0.10408816612662497"/>
<entry key="13" type="xdouble" value="-0.7560731703354823"/>
<entry key="14" type="xdouble" value="0.035330198648279"/>
<entry key="15" type="xdouble" value="-0.20221201630176466"/>
<entry key="16" type="xdouble" value="-0.19108901268099954"/>
<entry key="17" type="xdouble" value="-0.03136767141702705"/>
<entry key="18" type="xdouble" value="-0.028003654417891218"/>
<entry key="19" type="xdouble" value="-0.3639234038433151"/>
</config>
<config key="row_6">
<entry key="array-size" type="xint" value="20"/>
<entry key="0" type="xdouble" value="-0.008322565255954784"/>
<entry key="1" type="xdouble" value="-0.20538061274140293"/>
<entry key="2" type="xdouble" value="-0.06899730316189301"/>
<entry key="3" type="xdouble" value="-0.014073855180690655"/>
<entry key="4" type="xdouble" value="-0.13018838044599707"/>
<entry key="5" type="xdouble" value="-0.05461329045807563"/>
<entry key="6" type="xdouble" value="-0.06456129426040663"/>
<entry key="7" type="xdouble" value="-0.06276548969602899"/>
<entry key="8" type="xdouble" value="-0.10641469881930683"/>
<entry key="9" type="xdouble" value="-0.2037560758165169"/>
<entry key="10" type="xdouble" value="0.11925350867315399"/>
<entry key="11" type="xdouble" value="-0.008322565255954949"/>
<entry key="12" type="xdouble" value="-0.39206132867524557"/>
<entry key="13" type="xdouble" value="0.40933523394877"/>
<entry key="14" type="xdouble" value="-0.3406100778147036"/>
<entry key="15" type="xdouble" value="-0.17422645784003835"/>
<entry key="16" type="xdouble" value="-0.587758195908105"/>
<entry key="17" type="xdouble" value="-0.05322746681251886"/>
<entry key="18" type="xdouble" value="-0.042860125317866024"/>
<entry key="19" type="xdouble" value="-0.19963191113956982"/>
</config>
<config key="row_7">
<entry key="array-size" type="xint" value="20"/>
<entry key="0" type="xdouble" value="-0.09202438199731137"/>
<entry key="1" type="xdouble" value="0.065826313980208"/>
<entry key="2" type="xdouble" value="-0.007557281793847923"/>
<entry key="3" type="xdouble" value="-0.0924832514694426"/>
<entry key="4" type="xdouble" value="-0.12020606811699594"/>
<entry key="5" type="xdouble" value="0.04071075515201279"/>
<entry key="6" type="xdouble" value="-0.07641430141949855"/>
<entry key="7" type="xdouble" value="-0.060423438838683306"/>
<entry key="8" type="xdouble" value="0.06164729954297888"/>
<entry key="9" type="xdouble" value="0.14032042316907584"/>
<entry key="10" type="xdouble" value="0.42726816224621655"/>
<entry key="11" type="xdouble" value="-0.09202438199731086"/>
<entry key="12" type="xdouble" value="0.25622039311918443"/>
<entry key="13" type="xdouble" value="0.2022439182904522"/>
<entry key="14" type="xdouble" value="-0.07301766723372405"/>
<entry key="15" type="xdouble" value="-0.3092481297968133"/>
<entry key="16" type="xdouble" value="0.36992064832804594"/>
<entry key="17" type="xdouble" value="-0.035747682921600944"/>
<entry key="18" type="xdouble" value="-0.04230494401187719"/>
<entry key="19" type="xdouble" value="-0.625338303877835"/>
</config>
<config key="row_8">
<entry key="array-size" type="xint" value="20"/>
<entry key="0" type="xdouble" value="-0.002984145726674533"/>
<entry key="1" type="xdouble" value="-0.17822830188868732"/>
<entry key="2" type="xdouble" value="-0.10764900371830674"/>
<entry key="3" type="xdouble" value="-0.0428413950494689"/>
<entry key="4" type="xdouble" value="-0.02788703265366592"/>
<entry key="5" type="xdouble" value="0.03396432967841192"/>
<entry key="6" type="xdouble" value="-0.10697662898203238"/>
<entry key="7" type="xdouble" value="-0.10884028202030976"/>
<entry key="8" type="xdouble" value="0.027692527228685867"/>
<entry key="9" type="xdouble" value="-0.22892867888395307"/>
<entry key="10" type="xdouble" value="-0.14596567264149707"/>
<entry key="11" type="xdouble" value="-0.002984145726674805"/>
<entry key="12" type="xdouble" value="-0.5453613799219246"/>
<entry key="13" type="xdouble" value="0.1630938716083302"/>
<entry key="14" type="xdouble" value="0.5968072155113228"/>
<entry key="15" type="xdouble" value="-0.055274194340066946"/>
<entry key="16" type="xdouble" value="0.3548417034911785"/>
<entry key="17" type="xdouble" value="-0.12484397151811809"/>
<entry key="18" type="xdouble" value="-0.1311761917555111"/>
<entry key="19" type="xdouble" value="-0.11459462106457077"/>
</config>
<config key="row_9">
<entry key="array-size" type="xint" value="20"/>
<entry key="0" type="xdouble" value="-0.06617999790860402"/>
<entry key="1" type="xdouble" value="-0.07860075586450584"/>
<entry key="2" type="xdouble" value="0.02947610411839067"/>
<entry key="3" type="xdouble" value="-0.06866029727893144"/>
<entry key="4" type="xdouble" value="-0.2549524572704156"/>
<entry key="5" type="xdouble" value="-0.059829625577973444"/>
<entry key="6" type="xdouble" value="0.14624447272930888"/>
<entry key="7" type="xdouble" value="0.16735676923681678"/>
<entry key="8" type="xdouble" value="0.006894009990392106"/>
<entry key="9" type="xdouble" value="0.034585128558547194"/>
<entry key="10" type="xdouble" value="0.7730467205240714"/>
<entry key="11" type="xdouble" value="-0.06617999790860334"/>
<entry key="12" type="xdouble" value="-0.13485894279162602"/>
<entry key="13" type="xdouble" value="-0.18928123898501878"/>
<entry key="14" type="xdouble" value="0.25095597023860455"/>
<entry key="15" type="xdouble" value="0.18936187960319137"/>
<entry key="16" type="xdouble" value="-0.11940076134167678"/>
<entry key="17" type="xdouble" value="-0.1053138812631827"/>
<entry key="18" type="xdouble" value="-0.10325188897740425"/>
<entry key="19" type="xdouble" value="0.27165906079376184"/>
</config>
<config key="row_10">
<entry key="array-size" type="xint" value="20"/>
<entry key="0" type="xdouble" value="0.08120987365991626"/>
<entry key="1" type="xdouble" value="-0.004330776769332181"/>
<entry key="2" type="xdouble" value="0.10085794286989234"/>
<entry key="3" type="xdouble" value="0.33946260226234687"/>
<entry key="4" type="xdouble" value="-0.09335293208354953"/>
<entry key="5" type="xdouble" value="-0.439938049183913"/>
<entry key="6" type="xdouble" value="0.1931635127587402"/>
<entry key="7" type="xdouble" value="0.232040067093743"/>
<entry key="8" type="xdouble" value="0.47025061811468555"/>
<entry key="9" type="xdouble" value="0.4607779912506707"/>
<entry key="10" type="xdouble" value="-0.10405050684123056"/>
<entry key="11" type="xdouble" value="0.08120987365991493"/>
<entry key="12" type="xdouble" value="-0.16602454740280992"/>
<entry key="13" type="xdouble" value="0.281706559389224"/>
<entry key="14" type="xdouble" value="0.017832242243952055"/>
<entry key="15" type="xdouble" value="0.10343779542856135"/>
<entry key="16" type="xdouble" value="0.02089270794983157"/>
<entry key="17" type="xdouble" value="-0.014745885341515781"/>
<entry key="18" type="xdouble" value="-0.015122170294380302"/>
<entry key="19" type="xdouble" value="-0.06976921968410238"/>
</config>
<config key="row_11">
<entry key="array-size" type="xint" value="20"/>
<entry key="0" type="xdouble" value="-0.002499026275307049"/>
<entry key="1" type="xdouble" value="0.11087010814068833"/>
<entry key="2" type="xdouble" value="0.1161164471914118"/>
<entry key="3" type="xdouble" value="0.040855180063868575"/>
<entry key="4" type="xdouble" value="-0.04137605647619668"/>
<entry key="5" type="xdouble" value="-0.0693273459124746"/>
<entry key="6" type="xdouble" value="0.06695921553029628"/>
<entry key="7" type="xdouble" value="0.016521816418928068"/>
<entry key="8" type="xdouble" value="-0.04937861036126476"/>
<entry key="9" type="xdouble" value="0.07057853306566556"/>
<entry key="10" type="xdouble" value="0.07764361765981978"/>
<entry key="11" type="xdouble" value="-0.002499026275306634"/>
<entry key="12" type="xdouble" value="-0.13056121429415002"/>
<entry key="13" type="xdouble" value="0.024087207240364818"/>
<entry key="14" type="xdouble" value="0.1421011098459531"/>
<entry key="15" type="xdouble" value="-0.7225340355285582"/>
<entry key="16" type="xdouble" value="0.018315084633057074"/>
<entry key="17" type="xdouble" value="0.37709453963245254"/>
<entry key="18" type="xdouble" value="0.3769466548183127"/>
<entry key="19" type="xdouble" value="0.32143612612915134"/>
</config>
<config key="row_12">
<entry key="array-size" type="xint" value="20"/>
<entry key="0" type="xdouble" value="-0.02118082918904768"/>
<entry key="1" type="xdouble" value="0.1581479311807046"/>
<entry key="2" type="xdouble" value="0.7985699473556923"/>
<entry key="3" type="xdouble" value="-0.24327594210516942"/>
<entry key="4" type="xdouble" value="-0.4551789481391341"/>
<entry key="5" type="xdouble" value="0.03156270564231988"/>
<entry key="6" type="xdouble" value="-0.04603904850876444"/>
<entry key="7" type="xdouble" value="-0.09712485908077018"/>
<entry key="8" type="xdouble" value="-0.07492007128736694"/>
<entry key="9" type="xdouble" value="-0.012977509772984624"/>
<entry key="10" type="xdouble" value="-0.18026577647793554"/>
<entry key="11" type="xdouble" value="-0.02118082918904471"/>
<entry key="12" type="xdouble" value="-0.06151153495498329"/>
<entry key="13" type="xdouble" value="0.021557636451040484"/>
<entry key="14" type="xdouble" value="0.009718558674353476"/>
<entry key="15" type="xdouble" value="0.10422628549079468"/>
<entry key="16" type="xdouble" value="-0.006654813324005648"/>
<entry key="17" type="xdouble" value="-0.02546728358002521"/>
<entry key="18" type="xdouble" value="-0.025361502099254793"/>
<entry key="19" type="xdouble" value="-0.05136821065552317"/>
</config>
<config key="row_13">
<entry key="array-size" type="xint" value="20"/>
<entry key="0" type="xdouble" value="-0.05482469366945513"/>
<entry key="1" type="xdouble" value="0.5478647746630528"/>
<entry key="2" type="xdouble" value="-0.10744214823805633"/>
<entry key="3" type="xdouble" value="0.22745491317051328"/>
<entry key="4" type="xdouble" value="0.06771695803551235"/>
<entry key="5" type="xdouble" value="-0.2239853906689767"/>
<entry key="6" type="xdouble" value="0.030314943473400382"/>
<entry key="7" type="xdouble" value="-0.2654901906765254"/>
<entry key="8" type="xdouble" value="-0.5897337485839463"/>
<entry key="9" type="xdouble" value="0.27255747066799413"/>
<entry key="10" type="xdouble" value="0.05344881223582275"/>
<entry key="11" type="xdouble" value="-0.05482469366944528"/>
<entry key="12" type="xdouble" value="-0.22184546894197582"/>
<entry key="13" type="xdouble" value="0.02794147397170747"/>
<entry key="14" type="xdouble" value="0.04225504682275146"/>
<entry key="15" type="xdouble" value="0.13440404742837972"/>
<entry key="16" type="xdouble" value="0.005674811123952279"/>
<entry key="17" type="xdouble" value="-0.04949892172658556"/>
<entry key="18" type="xdouble" value="-0.04962235351511989"/>
<entry key="19" type="xdouble" value="-0.06835948225524284"/>
</config>
<config key="row_14">
<entry key="array-size" type="xint" value="20"/>
<entry key="0" type="xdouble" value="0.10929972986229682"/>
<entry key="1" type="xdouble" value="-0.551621794426525"/>
<entry key="2" type="xdouble" value="0.03929023483634283"/>
<entry key="3" type="xdouble" value="-0.17117184225108337"/>
<entry key="4" type="xdouble" value="0.044139523880183947"/>
<entry key="5" type="xdouble" value="0.22024198271592416"/>
<entry key="6" type="xdouble" value="-0.022062542225463402"/>
<entry key="7" type="xdouble" value="-0.015105806342055607"/>
<entry key="8" type="xdouble" value="-0.3644252465899138"/>
<entry key="9" type="xdouble" value="0.6692312369596571"/>
<entry key="10" type="xdouble" value="-0.06337191642684711"/>
<entry key="11" type="xdouble" value="0.10929972986228498"/>
<entry key="12" type="xdouble" value="-0.03901523457377272"/>
<entry key="13" type="xdouble" value="-0.015070863279988007"/>
<entry key="14" type="xdouble" value="0.03545063906887352"/>
<entry key="15" type="xdouble" value="-0.03565366619528969"/>
<entry key="16" type="xdouble" value="-0.009037595334376964"/>
<entry key="17" type="xdouble" value="-0.01916442046116428"/>
<entry key="18" type="xdouble" value="-0.019013568125193354"/>
<entry key="19" type="xdouble" value="0.005226227923608957"/>
</config>
<config key="row_15">
<entry key="array-size" type="xint" value="20"/>
<entry key="0" type="xdouble" value="0.044775084139253636"/>
<entry key="1" type="xdouble" value="0.1424972575065146"/>
<entry key="2" type="xdouble" value="-0.03722508728055079"/>
<entry key="3" type="xdouble" value="0.017007922391111013"/>
<entry key="4" type="xdouble" value="-0.06611575670431273"/>
<entry key="5" type="xdouble" value="-0.05543010861377226"/>
<entry key="6" type="xdouble" value="-0.7181248626610506"/>
<entry key="7" type="xdouble" value="0.6513323825984192"/>
<entry key="8" type="xdouble" value="-0.1531040387507789"/>
<entry key="9" type="xdouble" value="0.03470710257416458"/>
<entry key="10" type="xdouble" value="-0.017015692389677695"/>
<entry key="11" type="xdouble" value="0.04477508413927192"/>
<entry key="12" type="xdouble" value="-0.035967217184911596"/>
<entry key="13" type="xdouble" value="-0.008616555041055995"/>
<entry key="14" type="xdouble" value="0.00573323676663914"/>
<entry key="15" type="xdouble" value="-0.008839668031358754"/>
<entry key="16" type="xdouble" value="0.009910590741135344"/>
<entry key="17" type="xdouble" value="-0.005433831352958935"/>
<entry key="18" type="xdouble" value="-0.0056115962703977154"/>
<entry key="19" type="xdouble" value="0.007474106449544329"/>
</config>
<config key="row_16">
<entry key="array-size" type="xint" value="20"/>
<entry key="0" type="xdouble" value="0.5488014794732742"/>
<entry key="1" type="xdouble" value="0.24742042124573518"/>
<entry key="2" type="xdouble" value="-0.3185903766435827"/>
<entry key="3" type="xdouble" value="-0.24809404688906825"/>
<entry key="4" type="xdouble" value="-0.3913171577536546"/>
<entry key="5" type="xdouble" value="0.07179184441372934"/>
<entry key="6" type="xdouble" value="0.08567507497093399"/>
<entry key="7" type="xdouble" value="-0.06933693350761787"/>
<entry key="8" type="xdouble" value="0.04795787926498396"/>
<entry key="9" type="xdouble" value="0.009152685961604509"/>
<entry key="10" type="xdouble" value="-0.007222969546498355"/>
<entry key="11" type="xdouble" value="0.5488014794733458"/>
<entry key="12" type="xdouble" value="0.01350523498940036"/>
<entry key="13" type="xdouble" value="-0.0029380423378461396"/>
<entry key="14" type="xdouble" value="-0.006477486247104111"/>
<entry key="15" type="xdouble" value="-0.01571223311329227"/>
<entry key="16" type="xdouble" value="0.003792732231434278"/>
<entry key="17" type="xdouble" value="0.0011100609297995648"/>
<entry key="18" type="xdouble" value="0.0010435194298872563"/>
<entry key="19" type="xdouble" value="-0.001744946203085385"/>
</config>
<config key="row_17">
<entry key="array-size" type="xint" value="20"/>
<entry key="0" type="xdouble" value="0.0"/>
<entry key="1" type="xdouble" value="-3.6812976521713226E-10"/>
<entry key="2" type="xdouble" value="-1.092560379099129E-9"/>
<entry key="3" type="xdouble" value="0.6759985349259707"/>
<entry key="4" type="xdouble" value="-0.3204120050574181"/>
<entry key="5" type="xdouble" value="0.5896003378314507"/>
<entry key="6" type="xdouble" value="1.5384590543723406E-9"/>
<entry key="7" type="xdouble" value="-1.4236999710520352E-9"/>
<entry key="8" type="xdouble" value="3.0835214455180177E-10"/>
<entry key="9" type="xdouble" value="5.203465636040872E-10"/>
<entry key="10" type="xdouble" value="5.990022899547564E-11"/>
<entry key="11" type="xdouble" value="1.570232638171257E-9"/>
<entry key="12" type="xdouble" value="2.133172771785751E-10"/>
<entry key="13" type="xdouble" value="3.664591397410049E-10"/>
<entry key="14" type="xdouble" value="-2.3941634300734857E-10"/>
<entry key="15" type="xdouble" value="3.29756177779287E-10"/>
<entry key="16" type="xdouble" value="0.0038060640960009434"/>
<entry key="17" type="xdouble" value="-0.21536287311256055"/>
<entry key="18" type="xdouble" value="0.21526243560562522"/>
<entry key="19" type="xdouble" value="-1.9075817758406615E-10"/>
</config>
<config key="row_18">
<entry key="array-size" type="xint" value="20"/>
<entry key="0" type="xdouble" value="0.05422705914274481"/>
<entry key="1" type="xdouble" value="-1.1498361532322437E-10"/>
<entry key="2" type="xdouble" value="-3.559343745960944E-10"/>
<entry key="3" type="xdouble" value="0.2154844705052284"/>
<entry key="4" type="xdouble" value="-0.10213603682280964"/>
<entry key="5" type="xdouble" value="0.18794377508673887"/>
<entry key="6" type="xdouble" value="5.15681398930462E-10"/>
<entry key="7" type="xdouble" value="-4.755469143276522E-10"/>
<entry key="8" type="xdouble" value="1.0349239961475601E-10"/>
<entry key="9" type="xdouble" value="1.6095404491752433E-10"/>
<entry key="10" type="xdouble" value="2.0134991968868833E-11"/>
<entry key="11" type="xdouble" value="-0.054227058631179485"/>
<entry key="12" type="xdouble" value="6.719275458380225E-11"/>
<entry key="13" type="xdouble" value="1.2009822388646379E-10"/>
<entry key="14" type="xdouble" value="-7.973389719929383E-11"/>
<entry key="15" type="xdouble" value="1.0491889927986881E-10"/>
<entry key="16" type="xdouble" value="-0.011869820460243685"/>
<entry key="17" type="xdouble" value="0.671643666343382"/>
<entry key="18" type="xdouble" value="-0.6713304367830776"/>
<entry key="19" type="xdouble" value="-5.3741391612085925E-11"/>
</config>
<config key="row_19">
<entry key="array-size" type="xint" value="20"/>
<entry key="0" type="xdouble" value="-0.7050244152203297"/>
<entry key="1" type="xdouble" value="-8.867201856589107E-12"/>
<entry key="2" type="xdouble" value="-2.7360485262922723E-11"/>
<entry key="3" type="xdouble" value="0.01657401969065904"/>
<entry key="4" type="xdouble" value="-0.007855808269860124"/>
<entry key="5" type="xdouble" value="0.014455723058459637"/>
<entry key="6" type="xdouble" value="3.966857101413661E-11"/>
<entry key="7" type="xdouble" value="-3.6579491880582354E-11"/>
<entry key="8" type="xdouble" value="7.961446104132036E-12"/>
<entry key="9" type="xdouble" value="1.2382599856061557E-11"/>
<entry key="10" type="xdouble" value="1.5481402139462046E-12"/>
<entry key="11" type="xdouble" value="0.7050244152596222"/>
<entry key="12" type="xdouble" value="5.168865281489498E-12"/>
<entry key="13" type="xdouble" value="9.237620309277583E-12"/>
<entry key="14" type="xdouble" value="-6.132618172205681E-12"/>
<entry key="15" type="xdouble" value="8.069636727614652E-12"/>
<entry key="16" type="xdouble" value="-9.129690293700426E-4"/>
<entry key="17" type="xdouble" value="0.051659573807164794"/>
<entry key="18" type="xdouble" value="-0.051635481708333"/>
<entry key="19" type="xdouble" value="-4.133024568425054E-12"/>
</config>
</config>
</config>
</config>
