<?xml version="1.0" encoding="UTF-8"?>
<config xmlns="http://www.knime.org/2008/09/XMLConfig" xmlns:xsi="http://www.w3.org/2001/XMLSchema-instance" xsi:schemaLocation="http://www.knime.org/2008/09/XMLConfig http://www.knime.org/XMLConfig_2008_09.xsd" key="model.xml">
<entry key="version" type="xint" value="1"/>
<entry key="class_name" type="xstring" value="org.knime.base.data.normalize.NormalizerPortObject"/>
<config key="model">
<config key="columns">
<config key="meanfreq">
<entry key="column_name" type="xstring" value="meanfreq"/>
<entry key="column_scale" type="xdouble" value="33.12805303137468"/>
<entry key="column_translate" type="xdouble" value="-5.980512140066904"/>
<entry key="column_min" type="xdouble" value="NaN"/>
<entry key="column_max" type="xdouble" value="NaN"/>
</config>
<config key="sd">
<entry key="column_name" type="xstring" value="sd"/>
<entry key="column_scale" type="xdouble" value="59.81196663399842"/>
<entry key="column_translate" type="xdouble" value="-3.448491186412259"/>
<entry key="column_min" type="xdouble" value="NaN"/>
<entry key="column_max" type="xdouble" value="NaN"/>
</config>
<config key="median">
<entry key="column_name" type="xstring" value="median"/>
<entry key="column_scale" type="xdouble" value="27.044730009627827"/>
<entry key="column_translate" type="xdouble" value="-5.0054508034519865"/>
<entry key="column_min" type="xdouble" value="NaN"/>
<entry key="column_max" type="xdouble" value="NaN"/>
</config>
<config key="Q25">
<entry key="column_name" type="xstring" value="Q25"/>
<entry key="column_scale" type="xdouble" value="20.20395870100788"/>
<entry key="column_translate" type="xdouble" value="-2.8199578234180844"/>
<entry key="column_min" type="xdouble" value="NaN"/>
<entry key="column_max" type="xdouble" value="NaN"/>
</config>
<config key="Q75">
<entry key="column_name" type="xstring" value="Q75"/>
<entry key="column_scale" type="xdouble" value="43.1719956171325"/>
<entry key="column_translate" type="xdouble" value="-9.720979494606429"/>
<entry key="column_min" type="xdouble" value="NaN"/>
<entry key="column_max" type="xdouble" value="NaN"/>
</config>
<config key="IQR">
<entry key="column_name" type="xstring" value="IQR"/>
<entry key="column_scale" type="xdouble" value="23.183227144457327"/>
<entry key="column_translate" type="xdouble" value="-1.9843479189890876"/>
<entry key="column_min" type="xdouble" value="NaN"/>
<entry key="column_max" type="xdouble" value="NaN"/>
</config>
<config key="skew">
<entry key="column_name" type="xstring" value="skew"/>
<entry key="column_scale" type="xdouble" value="0.22543869922618565"/>
<entry key="column_translate" type="xdouble" value="-0.7145287868313075"/>
<entry key="column_min" type="xdouble" value="NaN"/>
<entry key="column_max" type="xdouble" value="NaN"/>
</config>
<config key="kurt">
<entry key="column_name" type="xstring" value="kurt"/>
<entry key="column_scale" type="xdouble" value="0.007010756328462404"/>
<entry key="column_translate" type="xdouble" value="-0.269690158499136"/>
<entry key="column_min" type="xdouble" value="NaN"/>
<entry key="column_max" type="xdouble" value="NaN"/>
</config>
<config key="sp.ent">
<entry key="column_name" type="xstring" value="sp.ent"/>
<entry key="column_scale" type="xdouble" value="22.346626550910997"/>
<entry key="column_translate" type="xdouble" value="-20.02885594168699"/>
<entry key="column_min" type="xdouble" value="NaN"/>
<entry key="column_max" type="xdouble" value="NaN"/>
</config>
<config key="sfm">
<entry key="column_name" type="xstring" value="sfm"/>
<entry key="column_scale" type="xdouble" value="5.576204397789287"/>
<entry key="column_translate" type="xdouble" value="-2.294323499724979"/>
<entry key="column_min" type="xdouble" value="NaN"/>
<entry key="column_max" type="xdouble" value="NaN"/>
</config>
<config key="mode">
<entry key="column_name" type="xstring" value="mode"/>
<entry key="column_scale" type="xdouble" value="12.867971800265922"/>
<entry key="column_translate" type="xdouble" value="-2.137423526173991"/>
<entry key="column_min" type="xdouble" value="NaN"/>
<entry key="column_max" type="xdouble" value="NaN"/>
</config>
<config key="centroid">
<entry key="column_name" type="xstring" value="centroid"/>
<entry key="column_scale" type="xdouble" value="33.12805303137468"/>
<entry key="column_translate" type="xdouble" value="-5.980512140066904"/>
<entry key="column_min" type="xdouble" value="NaN"/>
<entry key="column_max" type="xdouble" value="NaN"/>
</config>
<config key="meanfun">
<entry key="column_name" type="xstring" value="meanfun"/>
<entry key="column_scale" type="xdouble" value="31.356421424140628"/>
<entry key="column_translate" type="xdouble" value="-4.4989366340504064"/>
<entry key="column_min" type="xdouble" value="NaN"/>
<entry key="column_max" type="xdouble" value="NaN"/>
</config>
<config key="minfun">
<entry key="column_name" type="xstring" value="minfun"/>
<entry key="column_scale" type="xdouble" value="52.01847961560348"/>
<entry key="column_translate" type="xdouble" value="-1.9308250633752795"/>
<entry key="column_min" type="xdouble" value="NaN"/>
<entry key="column_max" type="xdouble" value="NaN"/>
</config>
<config key="maxfun">
<entry key="column_name" type="xstring" value="maxfun"/>
<entry key="column_scale" type="xdouble" value="33.72653873401282"/>
<entry key="column_translate" type="xdouble" value="-8.76133335271336"/>
<entry key="column_min" type="xdouble" value="NaN"/>
<entry key="column_max" type="xdouble" value="NaN"/>
</config>
<config key="meandom">
<entry key="column_name" type="xstring" value="meandom"/>
<entry key="column_scale" type="xdouble" value="1.90717224051753"/>
<entry key="column_translate" type="xdouble" value="-1.582726687789276"/>
<entry key="column_min" type="xdouble" value="NaN"/>
<entry key="column_max" type="xdouble" value="NaN"/>
</config>
<config key="mindom">
<entry key="column_name" type="xstring" value="mindom"/>
<entry key="column_scale" type="xdouble" value="15.568726876579078"/>
<entry key="column_translate" type="xdouble" value="-0.8071522993119952"/>
<entry key="column_min" type="xdouble" value="NaN"/>
<entry key="column_max" type="xdouble" value="NaN"/>
</config>
<config key="maxdom">
<entry key="column_name" type="xstring" value="maxdom"/>
<entry key="column_scale" type="xdouble" value="0.28363729354630374"/>
<entry key="column_translate" type="xdouble" value="-1.4311861606247418"/>
<entry key="column_min" type="xdouble" value="NaN"/>
<entry key="column_max" type="xdouble" value="NaN"/>
</config>
<config key="dfrange">
<entry key="column_name" type="xstring" value="dfrange"/>
<entry key="column_scale" type="xdouble" value="0.28383583395038653"/>
<entry key="column_translate" type="xdouble" value="-1.417472645513611"/>
<entry key="column_min" type="xdouble" value="NaN"/>
<entry key="column_max" type="xdouble" value="NaN"/>
</config>
<config key="modindx">
<entry key="column_name" type="xstring" value="modindx"/>
<entry key="column_scale" type="xdouble" value="8.67442545709881"/>
<entry key="column_translate" type="xdouble" value="-1.4867832558184764"/>
<entry key="column_min" type="xdouble" value="NaN"/>
<entry key="column_max" type="xdouble" value="NaN"/>
</config>
</config>
<entry key="summary" type="xstring" value="Z-Score (Gaussian) normalization on 20 column(s)"/>
</config>
</config>
