<?xml version="1.0" encoding="UTF-8"?>
<config xmlns="http://www.knime.org/2008/09/XMLConfig" xmlns:xsi="http://www.w3.org/2001/XMLSchema-instance" xsi:schemaLocation="http://www.knime.org/2008/09/XMLConfig http://www.knime.org/XMLConfig_2008_09.xsd" key="model.xml">
<entry key="version" type="xint" value="1"/>
<entry key="class_name" type="xstring" value="org.knime.base.data.normalize.NormalizerPortObject"/>
<config key="model">
<config key="columns">
<config key="meanfreq">
<entry key="column_name" type="xstring" value="meanfreq"/>
<entry key="column_scale" type="xdouble" value="33.42169868686799"/>
<entry key="column_translate" type="xdouble" value="-6.038624628205188"/>
<entry key="column_min" type="xdouble" value="NaN"/>
<entry key="column_max" type="xdouble" value="NaN"/>
</config>
<config key="sd">
<entry key="column_name" type="xstring" value="sd"/>
<entry key="column_scale" type="xdouble" value="60.19352332390203"/>
<entry key="column_translate" type="xdouble" value="-3.4554088569517547"/>
<entry key="column_min" type="xdouble" value="NaN"/>
<entry key="column_max" type="xdouble" value="NaN"/>
</config>
<config key="median">
<entry key="column_name" type="xstring" value="median"/>
<entry key="column_scale" type="xdouble" value="27.353977956805608"/>
<entry key="column_translate" type="xdouble" value="-5.079255712992263"/>
<entry key="column_min" type="xdouble" value="NaN"/>
<entry key="column_max" type="xdouble" value="NaN"/>
</config>
<config key="Q25">
<entry key="column_name" type="xstring" value="Q25"/>
<entry key="column_scale" type="xdouble" value="20.41460803944346"/>
<entry key="column_translate" type="xdouble" value="-2.8616496878586797"/>
<entry key="column_min" type="xdouble" value="NaN"/>
<entry key="column_max" type="xdouble" value="NaN"/>
</config>
<config key="Q75">
<entry key="column_name" type="xstring" value="Q75"/>
<entry key="column_scale" type="xdouble" value="43.0703123648141"/>
<entry key="column_translate" type="xdouble" value="-9.677743923595603"/>
<entry key="column_min" type="xdouble" value="NaN"/>
<entry key="column_max" type="xdouble" value="NaN"/>
</config>
<config key="IQR">
<entry key="column_name" type="xstring" value="IQR"/>
<entry key="column_scale" type="xdouble" value="23.40610115320592"/>
<entry key="column_translate" type="xdouble" value="-1.978279626995916"/>
<entry key="column_min" type="xdouble" value="NaN"/>
<entry key="column_max" type="xdouble" value="NaN"/>
</config>
<config key="skew">
<entry key="column_name" type="xstring" value="skew"/>
<entry key="column_scale" type="xdouble" value="0.23324306312735063"/>
<entry key="column_translate" type="xdouble" value="-0.7340827024004815"/>
<entry key="column_min" type="xdouble" value="NaN"/>
<entry key="column_max" type="xdouble" value="NaN"/>
</config>
<config key="kurt">
<entry key="column_name" type="xstring" value="kurt"/>
<entry key="column_scale" type="xdouble" value="0.007313232562271089"/>
<entry key="column_translate" type="xdouble" value="-0.2697094093209243"/>
<entry key="column_min" type="xdouble" value="NaN"/>
<entry key="column_max" type="xdouble" value="NaN"/>
</config>
<config key="sp.ent">
<entry key="column_name" type="xstring" value="sp.ent"/>
<entry key="column_scale" type="xdouble" value="22.092613890174302"/>
<entry key="column_translate" type="xdouble" value="-19.78878133903429"/>
<entry key="column_min" type="xdouble" value="NaN"/>
<entry key="column_max" type="xdouble" value="NaN"/>
</config>
<config key="sfm">
<entry key="column_name" type="xstring" value="sfm"/>
<entry key="column_scale" type="xdouble" value="5.641176271232943"/>
<entry key="column_translate" type="xdouble" value="-2.322006645816"/>
<entry key="column_min" type="xdouble" value="NaN"/>
<entry key="column_max" type="xdouble" value="NaN"/>
</config>
<config key="mode">
<entry key="column_name" type="xstring" value="mode"/>
<entry key="column_scale" type="xdouble" value="12.905250497721736"/>
<entry key="column_translate" type="xdouble" value="-2.1351206034948302"/>
<entry key="column_min" type="xdouble" value="NaN"/>
<entry key="column_max" type="xdouble" value="NaN"/>
</config>
<config key="centroid">
<entry key="column_name" type="xstring" value="centroid"/>
<entry key="column_scale" type="xdouble" value="33.42169868686799"/>
<entry key="column_translate" type="xdouble" value="-6.038624628205188"/>
<entry key="column_min" type="xdouble" value="NaN"/>
<entry key="column_max" type="xdouble" value="NaN"/>
</config>
<config key="meanfun">
<entry key="column_name" type="xstring" value="meanfun"/>
<entry key="column_scale" type="xdouble" value="30.35993493839126"/>
<entry key="column_translate" type="xdouble" value="-4.328854963459742"/>
<entry key="column_min" type="xdouble" value="NaN"/>
<entry key="column_max" type="xdouble" value="NaN"/>
</config>
<config key="minfun">
<entry key="column_name" type="xstring" value="minfun"/>
<entry key="column_scale" type="xdouble" value="49.36580425579312"/>
<entry key="column_translate" type="xdouble" value="-1.815190459993282"/>
<entry key="column_min" type="xdouble" value="NaN"/>
<entry key="column_max" type="xdouble" value="NaN"/>
</config>
<config key="maxfun">
<entry key="column_name" type="xstring" value="maxfun"/>
<entry key="column_scale" type="xdouble" value="33.168881102673616"/>
<entry key="column_translate" type="xdouble" value="-8.577477138216507"/>
<entry key="column_min" type="xdouble" value="NaN"/>
<entry key="column_max" type="xdouble" value="NaN"/>
</config>
<config key="meandom">
<entry key="column_name" type="xstring" value="meandom"/>
<entry key="column_scale" type="xdouble" value="1.8481834899470975"/>
<entry key="column_translate" type="xdouble" value="-1.5545395351232205"/>
<entry key="column_min" type="xdouble" value="NaN"/>
<entry key="column_max" type="xdouble" value="NaN"/>
</config>
<config key="mindom">
<entry key="column_name" type="xstring" value="mindom"/>
<entry key="column_scale" type="xdouble" value="15.78416342234485"/>
<entry key="column_translate" type="xdouble" value="-0.842024263975652"/>
<entry key="column_min" type="xdouble" value="NaN"/>
<entry key="column_max" type="xdouble" value="NaN"/>
</config>
<config key="maxdom">
<entry key="column_name" type="xstring" value="maxdom"/>
<entry key="column_scale" type="xdouble" value="0.27895027778784326"/>
<entry key="column_translate" type="xdouble" value="-1.4207659716032193"/>
<entry key="column_min" type="xdouble" value="NaN"/>
<entry key="column_max" type="xdouble" value="NaN"/>
</config>
<config key="dfrange">
<entry key="column_name" type="xstring" value="dfrange"/>
<entry key="column_scale" type="xdouble" value="0.2790804305292498"/>
<entry key="column_translate" type="xdouble" value="-1.4065410082169125"/>
<entry key="column_min" type="xdouble" value="NaN"/>
<entry key="column_max" type="xdouble" value="NaN"/>
</config>
<config key="modindx">
<entry key="column_name" type="xstring" value="modindx"/>
<entry key="column_scale" type="xdouble" value="8.212300388878624"/>
<entry key="column_translate" type="xdouble" value="-1.4512853423052303"/>
<entry key="column_min" type="xdouble" value="NaN"/>
<entry key="column_max" type="xdouble" value="NaN"/>
</config>
</config>
<entry key="summary" type="xstring" value="Z-Score (Gaussian) normalization on 20 column(s)"/>
</config>
</config>
