<?xml version="1.0" encoding="UTF-8"?>
<config xmlns="http://www.knime.org/2008/09/XMLConfig" xmlns:xsi="http://www.w3.org/2001/XMLSchema-instance" xsi:schemaLocation="http://www.knime.org/2008/09/XMLConfig http://www.knime.org/XMLConfig_2008_09.xsd" key="model.xml">
<entry key="version" type="xint" value="1"/>
<entry key="class_name" type="xstring" value="org.knime.base.node.mine.transformation.port.TransformationPortObject"/>
<config key="model">
<entry key="max_dim_to_reduce_to" type="xint" value="20"/>
<config key="eigenvalues">
<entry key="array-size" type="xint" value="20"/>
<entry key="0" type="xdouble" value="9.050268848086755"/>
<entry key="1" type="xdouble" value="2.358888096753519"/>
<entry key="2" type="xdouble" value="2.147446527419976"/>
<entry key="3" type="xdouble" value="1.5662628633855913"/>
<entry key="4" type="xdouble" value="1.0510509276421078"/>
<entry key="5" type="xdouble" value="0.9137415171744039"/>
<entry key="6" type="xdouble" value="0.6712085944011636"/>
<entry key="7" type="xdouble" value="0.5856305251065221"/>
<entry key="8" type="xdouble" value="0.49398633438045314"/>
<entry key="9" type="xdouble" value="0.371656915477177"/>
<entry key="10" type="xdouble" value="0.31927168014842233"/>
<entry key="11" type="xdouble" value="0.17413493976211786"/>
<entry key="12" type="xdouble" value="0.13369061878698732"/>
<entry key="13" type="xdouble" value="0.09376833361825036"/>
<entry key="14" type="xdouble" value="0.047546618374620125"/>
<entry key="15" type="xdouble" value="0.013561904416103228"/>
<entry key="16" type="xdouble" value="0.007884755065870481"/>
<entry key="17" type="xdouble" value="0.0"/>
<entry key="18" type="xdouble" value="0.0"/>
<entry key="19" type="xdouble" value="0.0"/>
</config>
<config key="center">
<entry key="array-size" type="xint" value="20"/>
<entry key="0" type="xdouble" value="8.270619432371173E-15"/>
<entry key="1" type="xdouble" value="3.852170318840997E-15"/>
<entry key="2" type="xdouble" value="5.004314698091664E-15"/>
<entry key="3" type="xdouble" value="-9.69276742202041E-16"/>
<entry key="4" type="xdouble" value="-6.564844154399729E-17"/>
<entry key="5" type="xdouble" value="5.012700324269481E-15"/>
<entry key="6" type="xdouble" value="-5.600988423060116E-16"/>
<entry key="7" type="xdouble" value="-1.5894403848637495E-16"/>
<entry key="8" type="xdouble" value="4.845407929054968E-15"/>
<entry key="9" type="xdouble" value="5.413746707871869E-15"/>
<entry key="10" type="xdouble" value="4.1779730716728913E-16"/>
<entry key="11" type="xdouble" value="8.270619432371173E-15"/>
<entry key="12" type="xdouble" value="5.592856906766475E-16"/>
<entry key="13" type="xdouble" value="6.902234317950062E-16"/>
<entry key="14" type="xdouble" value="-1.0216599701656781E-14"/>
<entry key="15" type="xdouble" value="5.595702937469249E-16"/>
<entry key="16" type="xdouble" value="-2.822178254979768E-16"/>
<entry key="17" type="xdouble" value="-3.30556979358243E-15"/>
<entry key="18" type="xdouble" value="-2.909592055136412E-15"/>
<entry key="19" type="xdouble" value="1.6183885828691125E-15"/>
</config>
<entry key="number_rows" type="xint" value="20"/>
<config key="eigenvector">
<config key="row_0">
<entry key="array-size" type="xint" value="20"/>
<entry key="0" type="xdouble" value="-0.3123270742235585"/>
<entry key="1" type="xdouble" value="0.2805970595577301"/>
<entry key="2" type="xdouble" value="-0.27854929969952946"/>
<entry key="3" type="xdouble" value="-0.30380813698845316"/>
<entry key="4" type="xdouble" value="-0.18935438899548626"/>
<entry key="5" type="xdouble" value="0.24219874024455565"/>
<entry key="6" type="xdouble" value="0.13256798873380143"/>
<entry key="7" type="xdouble" value="0.13292315442615507"/>
<entry key="8" type="xdouble" value="0.22004213879163412"/>
<entry key="9" type="xdouble" value="0.2728469875782534"/>
<entry key="10" type="xdouble" value="-0.24355906935186541"/>
<entry key="11" type="xdouble" value="-0.3123270742235584"/>
<entry key="12" type="xdouble" value="-0.18982967076738033"/>
<entry key="13" type="xdouble" value="-0.1576327643859934"/>
<entry key="14" type="xdouble" value="-0.11166891031007767"/>
<entry key="15" type="xdouble" value="-0.22536975956438812"/>
<entry key="16" type="xdouble" value="-0.09019835603077073"/>
<entry key="17" type="xdouble" value="-0.22944954793718908"/>
<entry key="18" type="xdouble" value="-0.2279742346786682"/>
<entry key="19" type="xdouble" value="0.08623596597902737"/>
</config>
<config key="row_1">
<entry key="array-size" type="xint" value="20"/>
<entry key="0" type="xdouble" value="-0.041189386700415234"/>
<entry key="1" type="xdouble" value="0.1898594918919356"/>
<entry key="2" type="xdouble" value="-0.019793301653338317"/>
<entry key="3" type="xdouble" value="-0.15131358342231216"/>
<entry key="4" type="xdouble" value="0.16525711494772152"/>
<entry key="5" type="xdouble" value="0.26633214756883933"/>
<entry key="6" type="xdouble" value="-0.3569067863591788"/>
<entry key="7" type="xdouble" value="-0.3018969384348065"/>
<entry key="8" type="xdouble" value="0.3769109438091329"/>
<entry key="9" type="xdouble" value="0.24383854259902887"/>
<entry key="10" type="xdouble" value="0.12101049045228364"/>
<entry key="11" type="xdouble" value="-0.041189386700415095"/>
<entry key="12" type="xdouble" value="-0.11551743072303933"/>
<entry key="13" type="xdouble" value="0.07284005445757258"/>
<entry key="14" type="xdouble" value="0.23346730006435457"/>
<entry key="15" type="xdouble" value="0.265531682412766"/>
<entry key="16" type="xdouble" value="-0.26968989649586905"/>
<entry key="17" type="xdouble" value="0.2930030456461218"/>
<entry key="18" type="xdouble" value="0.2981608800665382"/>
<entry key="19" type="xdouble" value="-0.11487275944154059"/>
</config>
<config key="row_2">
<entry key="array-size" type="xint" value="20"/>
<entry key="0" type="xdouble" value="0.016779896842920913"/>
<entry key="1" type="xdouble" value="0.11223219046765495"/>
<entry key="2" type="xdouble" value="0.04722573883305682"/>
<entry key="3" type="xdouble" value="-0.0816033654703503"/>
<entry key="4" type="xdouble" value="0.14954339692451546"/>
<entry key="5" type="xdouble" value="0.1775488350900371"/>
<entry key="6" type="xdouble" value="0.47187601130483897"/>
<entry key="7" type="xdouble" value="0.5023472491156671"/>
<entry key="8" type="xdouble" value="-0.16550861233796196"/>
<entry key="9" type="xdouble" value="-0.07854316726963544"/>
<entry key="10" type="xdouble" value="-0.07599396896238249"/>
<entry key="11" type="xdouble" value="0.01677989684292105"/>
<entry key="12" type="xdouble" value="-0.04110789614918609"/>
<entry key="13" type="xdouble" value="-0.02078425352763857"/>
<entry key="14" type="xdouble" value="0.26172005698216755"/>
<entry key="15" type="xdouble" value="0.07816920320065678"/>
<entry key="16" type="xdouble" value="-0.23175508789483357"/>
<entry key="17" type="xdouble" value="0.1783092854354371"/>
<entry key="18" type="xdouble" value="0.18268557309951158"/>
<entry key="19" type="xdouble" value="-0.4627087312809658"/>
</config>
<config key="row_3">
<entry key="array-size" type="xint" value="20"/>
<entry key="0" type="xdouble" value="0.24995698831379798"/>
<entry key="1" type="xdouble" value="0.20089885757162607"/>
<entry key="2" type="xdouble" value="0.34472838812946544"/>
<entry key="3" type="xdouble" value="0.06590507388557687"/>
<entry key="4" type="xdouble" value="0.546827814072508"/>
<entry key="5" type="xdouble" value="0.2313554561664088"/>
<entry key="6" type="xdouble" value="-0.007291783517094184"/>
<entry key="7" type="xdouble" value="0.026594861867811022"/>
<entry key="8" type="xdouble" value="0.1538590371554429"/>
<entry key="9" type="xdouble" value="0.03060849469451364"/>
<entry key="10" type="xdouble" value="0.1415629415903564"/>
<entry key="11" type="xdouble" value="0.24995698831379737"/>
<entry key="12" type="xdouble" value="-0.11894314740680793"/>
<entry key="13" type="xdouble" value="-0.040876595953718474"/>
<entry key="14" type="xdouble" value="-0.003968927857275725"/>
<entry key="15" type="xdouble" value="-0.26177712675388426"/>
<entry key="16" type="xdouble" value="-0.11042449076671908"/>
<entry key="17" type="xdouble" value="-0.32749744701603223"/>
<entry key="18" type="xdouble" value="-0.32572684638015115"/>
<entry key="19" type="xdouble" value="0.06031579842288956"/>
</config>
<config key="row_4">
<entry key="array-size" type="xint" value="20"/>
<entry key="0" type="xdouble" value="-0.04272055290735065"/>
<entry key="1" type="xdouble" value="0.009076765457032137"/>
<entry key="2" type="xdouble" value="-0.06497055778929532"/>
<entry key="3" type="xdouble" value="0.03633908227066672"/>
<entry key="4" type="xdouble" value="-0.09321196682962705"/>
<entry key="5" type="xdouble" value="-0.09400665136210674"/>
<entry key="6" type="xdouble" value="-0.06552563465124672"/>
<entry key="7" type="xdouble" value="-0.07854465858611141"/>
<entry key="8" type="xdouble" value="-0.06840840316193705"/>
<entry key="9" type="xdouble" value="0.0172723914344068"/>
<entry key="10" type="xdouble" value="-0.13865516725140015"/>
<entry key="11" type="xdouble" value="-0.042720552907350835"/>
<entry key="12" type="xdouble" value="0.5294176875693701"/>
<entry key="13" type="xdouble" value="0.2797890752029931"/>
<entry key="14" type="xdouble" value="0.5470426692375362"/>
<entry key="15" type="xdouble" value="-0.16150724646512213"/>
<entry key="16" type="xdouble" value="-0.4137998685694404"/>
<entry key="17" type="xdouble" value="-0.19755106602563816"/>
<entry key="18" type="xdouble" value="-0.190130666152599"/>
<entry key="19" type="xdouble" value="0.09067641652946185"/>
</config>
<config key="row_5">
<entry key="array-size" type="xint" value="20"/>
<entry key="0" type="xdouble" value="0.0399033930027767"/>
<entry key="1" type="xdouble" value="-0.1352784835248942"/>
<entry key="2" type="xdouble" value="-0.007136286805727225"/>
<entry key="3" type="xdouble" value="0.17313166233373214"/>
<entry key="4" type="xdouble" value="-0.11122308950334267"/>
<entry key="5" type="xdouble" value="-0.2610278966364676"/>
<entry key="6" type="xdouble" value="-0.14742172729093203"/>
<entry key="7" type="xdouble" value="-0.169013346092545"/>
<entry key="8" type="xdouble" value="0.06602014712936527"/>
<entry key="9" type="xdouble" value="-0.003480906249557029"/>
<entry key="10" type="xdouble" value="-0.046574998722118885"/>
<entry key="11" type="xdouble" value="0.03990339300277667"/>
<entry key="12" type="xdouble" value="-0.04925374678766217"/>
<entry key="13" type="xdouble" value="-0.7162947325738767"/>
<entry key="14" type="xdouble" value="0.044566769228502424"/>
<entry key="15" type="xdouble" value="-0.2157732110870974"/>
<entry key="16" type="xdouble" value="-0.31522791481361917"/>
<entry key="17" type="xdouble" value="-0.02778797209533289"/>
<entry key="18" type="xdouble" value="-0.022041614174305696"/>
<entry key="19" type="xdouble" value="-0.38271380359944873"/>
</config>
<config key="row_6">
<entry key="array-size" type="xint" value="20"/>
<entry key="0" type="xdouble" value="-0.011092390476698024"/>
<entry key="1" type="xdouble" value="-0.1754884802980749"/>
<entry key="2" type="xdouble" value="-0.0658710307181781"/>
<entry key="3" type="xdouble" value="-0.026229402101646954"/>
<entry key="4" type="xdouble" value="-0.1113507128537238"/>
<entry key="5" type="xdouble" value="-0.03241798046803804"/>
<entry key="6" type="xdouble" value="-0.06769160520148618"/>
<entry key="7" type="xdouble" value="-0.07319822498690116"/>
<entry key="8" type="xdouble" value="-0.13242029639493602"/>
<entry key="9" type="xdouble" value="-0.20224702650186552"/>
<entry key="10" type="xdouble" value="0.10895346728594887"/>
<entry key="11" type="xdouble" value="-0.011092390476697798"/>
<entry key="12" type="xdouble" value="-0.36754374477089"/>
<entry key="13" type="xdouble" value="0.4529345462984937"/>
<entry key="14" type="xdouble" value="-0.3879273780390569"/>
<entry key="15" type="xdouble" value="-0.15146248885467287"/>
<entry key="16" type="xdouble" value="-0.5740567842593148"/>
<entry key="17" type="xdouble" value="-0.04464967684418646"/>
<entry key="18" type="xdouble" value="-0.03418052996641331"/>
<entry key="19" type="xdouble" value="-0.1544704060407879"/>
</config>
<config key="row_7">
<entry key="array-size" type="xint" value="20"/>
<entry key="0" type="xdouble" value="-0.08305486258146218"/>
<entry key="1" type="xdouble" value="0.07788463202236022"/>
<entry key="2" type="xdouble" value="0.02584324844270543"/>
<entry key="3" type="xdouble" value="-0.07420761342116952"/>
<entry key="4" type="xdouble" value="-0.1244157397513251"/>
<entry key="5" type="xdouble" value="0.015282645926919181"/>
<entry key="6" type="xdouble" value="-0.054202610054519096"/>
<entry key="7" type="xdouble" value="-0.03910083604684148"/>
<entry key="8" type="xdouble" value="0.0861636167375876"/>
<entry key="9" type="xdouble" value="0.18427926451959895"/>
<entry key="10" type="xdouble" value="0.4524589247320421"/>
<entry key="11" type="xdouble" value="-0.08305486258146179"/>
<entry key="12" type="xdouble" value="0.3024398508535508"/>
<entry key="13" type="xdouble" value="0.21602556638118917"/>
<entry key="14" type="xdouble" value="-0.11390952098678671"/>
<entry key="15" type="xdouble" value="-0.29408005277864835"/>
<entry key="16" type="xdouble" value="0.3174632251336209"/>
<entry key="17" type="xdouble" value="-0.06244692544257368"/>
<entry key="18" type="xdouble" value="-0.06830300185348716"/>
<entry key="19" type="xdouble" value="-0.6006148588626317"/>
</config>
<config key="row_8">
<entry key="array-size" type="xint" value="20"/>
<entry key="0" type="xdouble" value="-0.020983465042833233"/>
<entry key="1" type="xdouble" value="-0.19833387841287134"/>
<entry key="2" type="xdouble" value="-0.10020113168356805"/>
<entry key="3" type="xdouble" value="-0.0725661460790279"/>
<entry key="4" type="xdouble" value="-0.08433245279938197"/>
<entry key="5" type="xdouble" value="0.035899897787715934"/>
<entry key="6" type="xdouble" value="-0.09793654250559188"/>
<entry key="7" type="xdouble" value="-0.1023820448276629"/>
<entry key="8" type="xdouble" value="-0.007456667443296763"/>
<entry key="9" type="xdouble" value="-0.2517870312839556"/>
<entry key="10" type="xdouble" value="0.01482120611149935"/>
<entry key="11" type="xdouble" value="-0.020983465042832994"/>
<entry key="12" type="xdouble" value="-0.5520100546601031"/>
<entry key="13" type="xdouble" value="0.10725886815694671"/>
<entry key="14" type="xdouble" value="0.589772983841311"/>
<entry key="15" type="xdouble" value="-0.078000817314098"/>
<entry key="16" type="xdouble" value="0.33103832078325995"/>
<entry key="17" type="xdouble" value="-0.15403061824946296"/>
<entry key="18" type="xdouble" value="-0.16020491962747313"/>
<entry key="19" type="xdouble" value="-0.15237215022005857"/>
</config>
<config key="row_9">
<entry key="array-size" type="xint" value="20"/>
<entry key="0" type="xdouble" value="-0.05751678385591799"/>
<entry key="1" type="xdouble" value="-0.038751848252203194"/>
<entry key="2" type="xdouble" value="0.03985444693373143"/>
<entry key="3" type="xdouble" value="-0.026403645816402588"/>
<entry key="4" type="xdouble" value="-0.23392793852587862"/>
<entry key="5" type="xdouble" value="-0.1010249408446428"/>
<entry key="6" type="xdouble" value="0.1732575514014803"/>
<entry key="7" type="xdouble" value="0.20259261515205534"/>
<entry key="8" type="xdouble" value="0.02247815226179587"/>
<entry key="9" type="xdouble" value="0.09841285915972244"/>
<entry key="10" type="xdouble" value="0.7658590173137303"/>
<entry key="11" type="xdouble" value="-0.05751678385591783"/>
<entry key="12" type="xdouble" value="-0.09508885997525687"/>
<entry key="13" type="xdouble" value="-0.18006184355949886"/>
<entry key="14" type="xdouble" value="0.16977288271909038"/>
<entry key="15" type="xdouble" value="0.19152996409399647"/>
<entry key="16" type="xdouble" value="-0.20005576257075766"/>
<entry key="17" type="xdouble" value="-0.07509148385038814"/>
<entry key="18" type="xdouble" value="-0.07148844462344345"/>
<entry key="19" type="xdouble" value="0.31485455530989004"/>
</config>
<config key="row_10">
<entry key="array-size" type="xint" value="20"/>
<entry key="0" type="xdouble" value="0.08972788359709635"/>
<entry key="1" type="xdouble" value="-0.03283045600491242"/>
<entry key="2" type="xdouble" value="0.09320555217979451"/>
<entry key="3" type="xdouble" value="0.347343604160768"/>
<entry key="4" type="xdouble" value="-0.09574043148186223"/>
<entry key="5" type="xdouble" value="-0.45217063990301587"/>
<entry key="6" type="xdouble" value="0.16675412144135332"/>
<entry key="7" type="xdouble" value="0.18301557207260596"/>
<entry key="8" type="xdouble" value="0.4532247467075758"/>
<entry key="9" type="xdouble" value="0.4350033105649071"/>
<entry key="10" type="xdouble" value="-0.1920981448282079"/>
<entry key="11" type="xdouble" value="0.08972788359709524"/>
<entry key="12" type="xdouble" value="-0.2105319950015765"/>
<entry key="13" type="xdouble" value="0.2786143186064998"/>
<entry key="14" type="xdouble" value="0.03901905797258693"/>
<entry key="15" type="xdouble" value="0.1128578989113958"/>
<entry key="16" type="xdouble" value="0.013850471260374473"/>
<entry key="17" type="xdouble" value="-0.041009947163585615"/>
<entry key="18" type="xdouble" value="-0.04129463900653524"/>
<entry key="19" type="xdouble" value="-0.08502215898877405"/>
</config>
<config key="row_11">
<entry key="array-size" type="xint" value="20"/>
<entry key="0" type="xdouble" value="-0.003286714079399817"/>
<entry key="1" type="xdouble" value="-0.10102653802125153"/>
<entry key="2" type="xdouble" value="-0.1360155141903086"/>
<entry key="3" type="xdouble" value="-0.04161330983948832"/>
<entry key="4" type="xdouble" value="0.05803719433998417"/>
<entry key="5" type="xdouble" value="0.08031175589279167"/>
<entry key="6" type="xdouble" value="-0.0668338378217154"/>
<entry key="7" type="xdouble" value="-0.01623569932068244"/>
<entry key="8" type="xdouble" value="0.02735243443185424"/>
<entry key="9" type="xdouble" value="-0.08004602499092921"/>
<entry key="10" type="xdouble" value="-0.05021671880528109"/>
<entry key="11" type="xdouble" value="-0.003286714079399427"/>
<entry key="12" type="xdouble" value="0.13007759627035934"/>
<entry key="13" type="xdouble" value="-0.044411027653511806"/>
<entry key="14" type="xdouble" value="-0.1358518855065092"/>
<entry key="15" type="xdouble" value="0.7332074328607876"/>
<entry key="16" type="xdouble" value="-0.03414794553293448"/>
<entry key="17" type="xdouble" value="-0.3761116667151456"/>
<entry key="18" type="xdouble" value="-0.37577373297499894"/>
<entry key="19" type="xdouble" value="-0.29417833066129456"/>
</config>
<config key="row_12">
<entry key="array-size" type="xint" value="20"/>
<entry key="0" type="xdouble" value="0.014556010110093855"/>
<entry key="1" type="xdouble" value="-0.14840177043427366"/>
<entry key="2" type="xdouble" value="-0.7963458067905125"/>
<entry key="3" type="xdouble" value="0.25272916116703464"/>
<entry key="4" type="xdouble" value="0.45284797140411626"/>
<entry key="5" type="xdouble" value="-0.03569941223378001"/>
<entry key="6" type="xdouble" value="0.04938358884691116"/>
<entry key="7" type="xdouble" value="0.08930840151284886"/>
<entry key="8" type="xdouble" value="0.09527579231623348"/>
<entry key="9" type="xdouble" value="0.006282757318001149"/>
<entry key="10" type="xdouble" value="0.17482908948034548"/>
<entry key="11" type="xdouble" value="0.014556010110093828"/>
<entry key="12" type="xdouble" value="0.051543677244202286"/>
<entry key="13" type="xdouble" value="0.003445490628257667"/>
<entry key="14" type="xdouble" value="-0.010576954966116218"/>
<entry key="15" type="xdouble" value="-0.12078892420322339"/>
<entry key="16" type="xdouble" value="0.021783434908282648"/>
<entry key="17" type="xdouble" value="0.0403853264179524"/>
<entry key="18" type="xdouble" value="0.04001756796271521"/>
<entry key="19" type="xdouble" value="0.04465990718683334"/>
</config>
<config key="row_13">
<entry key="array-size" type="xint" value="20"/>
<entry key="0" type="xdouble" value="0.05661043923378086"/>
<entry key="1" type="xdouble" value="-0.5807832903274929"/>
<entry key="2" type="xdouble" value="0.10133712365281144"/>
<entry key="3" type="xdouble" value="-0.23467680941773575"/>
<entry key="4" type="xdouble" value="-0.08633271230972518"/>
<entry key="5" type="xdouble" value="0.22072973540947483"/>
<entry key="6" type="xdouble" value="-0.026654473318478523"/>
<entry key="7" type="xdouble" value="0.27131370896409884"/>
<entry key="8" type="xdouble" value="0.575102915958492"/>
<entry key="9" type="xdouble" value="-0.24438920947016782"/>
<entry key="10" type="xdouble" value="-0.04635636527033089"/>
<entry key="11" type="xdouble" value="0.056610439233780306"/>
<entry key="12" type="xdouble" value="0.20834103142434107"/>
<entry key="13" type="xdouble" value="-0.021403644365560363"/>
<entry key="14" type="xdouble" value="-0.04607549082006225"/>
<entry key="15" type="xdouble" value="-0.11484659723065181"/>
<entry key="16" type="xdouble" value="-0.02051401760475796"/>
<entry key="17" type="xdouble" value="0.04467117611162969"/>
<entry key="18" type="xdouble" value="0.04508057952285291"/>
<entry key="19" type="xdouble" value="0.0647963939413061"/>
</config>
<config key="row_14">
<entry key="array-size" type="xint" value="20"/>
<entry key="0" type="xdouble" value="-0.09906796237408452"/>
<entry key="1" type="xdouble" value="0.5378895792303446"/>
<entry key="2" type="xdouble" value="-0.0199771358515345"/>
<entry key="3" type="xdouble" value="0.15796492507826468"/>
<entry key="4" type="xdouble" value="-0.06127091606110646"/>
<entry key="5" type="xdouble" value="-0.21559067078156194"/>
<entry key="6" type="xdouble" value="0.012341632761236685"/>
<entry key="7" type="xdouble" value="0.03242996057453762"/>
<entry key="8" type="xdouble" value="0.39131787569736476"/>
<entry key="9" type="xdouble" value="-0.6728912629110854"/>
<entry key="10" type="xdouble" value="0.05330177332818822"/>
<entry key="11" type="xdouble" value="-0.09906796237407894"/>
<entry key="12" type="xdouble" value="0.05111748853971808"/>
<entry key="13" type="xdouble" value="0.023315857238559577"/>
<entry key="14" type="xdouble" value="-0.02990911168879723"/>
<entry key="15" type="xdouble" value="0.02799834634781786"/>
<entry key="16" type="xdouble" value="0.00688828233131676"/>
<entry key="17" type="xdouble" value="0.017497225046164133"/>
<entry key="18" type="xdouble" value="0.01738453870882175"/>
<entry key="19" type="xdouble" value="-0.0034742914067435655"/>
</config>
<config key="row_15">
<entry key="array-size" type="xint" value="20"/>
<entry key="0" type="xdouble" value="0.021230606935069632"/>
<entry key="1" type="xdouble" value="-0.10461758683028648"/>
<entry key="2" type="xdouble" value="0.0018542218142257511"/>
<entry key="3" type="xdouble" value="-0.05187797587216753"/>
<entry key="4" type="xdouble" value="0.01016812773416686"/>
<entry key="5" type="xdouble" value="0.06521550714201424"/>
<entry key="6" type="xdouble" value="0.7235852104980932"/>
<entry key="7" type="xdouble" value="-0.6545467144462095"/>
<entry key="8" type="xdouble" value="0.15620592661167118"/>
<entry key="9" type="xdouble" value="-0.045567650919079924"/>
<entry key="10" type="xdouble" value="0.021004242965592616"/>
<entry key="11" type="xdouble" value="0.021230606935056278"/>
<entry key="12" type="xdouble" value="0.04151938088122401"/>
<entry key="13" type="xdouble" value="0.0037853320760817526"/>
<entry key="14" type="xdouble" value="-0.004164689657230779"/>
<entry key="15" type="xdouble" value="0.012621414052749308"/>
<entry key="16" type="xdouble" value="-0.014062426139495843"/>
<entry key="17" type="xdouble" value="0.0050036899406202175"/>
<entry key="18" type="xdouble" value="0.005264798631367466"/>
<entry key="19" type="xdouble" value="-0.0035056211090294855"/>
</config>
<config key="row_16">
<entry key="array-size" type="xint" value="20"/>
<entry key="0" type="xdouble" value="0.5496039424271881"/>
<entry key="1" type="xdouble" value="0.25552452240645634"/>
<entry key="2" type="xdouble" value="-0.3286595429955472"/>
<entry key="3" type="xdouble" value="-0.24749085528553413"/>
<entry key="4" type="xdouble" value="-0.39496078407035984"/>
<entry key="5" type="xdouble" value="0.06218477271607123"/>
<entry key="6" type="xdouble" value="-0.003970682477188234"/>
<entry key="7" type="xdouble" value="0.012394627064805866"/>
<entry key="8" type="xdouble" value="0.019588581198882314"/>
<entry key="9" type="xdouble" value="0.021830039352840083"/>
<entry key="10" type="xdouble" value="-0.007507971386844148"/>
<entry key="11" type="xdouble" value="0.5496039424272454"/>
<entry key="12" type="xdouble" value="0.010738449420282348"/>
<entry key="13" type="xdouble" value="-0.0036853955782157337"/>
<entry key="14" type="xdouble" value="-0.005007681784003693"/>
<entry key="15" type="xdouble" value="-0.013276454323854854"/>
<entry key="16" type="xdouble" value="0.005495784485702065"/>
<entry key="17" type="xdouble" value="-6.112556638367616E-4"/>
<entry key="18" type="xdouble" value="-7.122751892123117E-4"/>
<entry key="19" type="xdouble" value="-0.0010477538013675385"/>
</config>
<config key="row_17">
<entry key="array-size" type="xint" value="20"/>
<entry key="0" type="xdouble" value="0.6809394514982575"/>
<entry key="1" type="xdouble" value="-6.146400955698161E-11"/>
<entry key="2" type="xdouble" value="-1.3228910477640337E-10"/>
<entry key="3" type="xdouble" value="0.18972601543363543"/>
<entry key="4" type="xdouble" value="-0.09284485892005226"/>
<entry key="5" type="xdouble" value="0.16540022369515414"/>
<entry key="6" type="xdouble" value="3.7143252192873345E-10"/>
<entry key="7" type="xdouble" value="-4.4415993378489263E-10"/>
<entry key="8" type="xdouble" value="3.9251088707189956E-12"/>
<entry key="9" type="xdouble" value="1.8125371760665495E-10"/>
<entry key="10" type="xdouble" value="-1.200682694932839E-10"/>
<entry key="11" type="xdouble" value="-0.6809394511130007"/>
<entry key="12" type="xdouble" value="3.588031345014363E-11"/>
<entry key="13" type="xdouble" value="1.0177300609845803E-11"/>
<entry key="14" type="xdouble" value="-6.785563922089378E-11"/>
<entry key="15" type="xdouble" value="1.879508952874772E-10"/>
<entry key="16" type="xdouble" value="-3.346154789066681E-4"/>
<entry key="17" type="xdouble" value="0.018302499338330176"/>
<entry key="18" type="xdouble" value="-0.018288551145828738"/>
<entry key="19" type="xdouble" value="-4.2573491212692725E-11"/>
</config>
<config key="row_18">
<entry key="array-size" type="xint" value="20"/>
<entry key="0" type="xdouble" value="0.0"/>
<entry key="1" type="xdouble" value="-2.2481798995580006E-11"/>
<entry key="2" type="xdouble" value="-4.424052051766076E-11"/>
<entry key="3" type="xdouble" value="0.06789543085935691"/>
<entry key="4" type="xdouble" value="-0.033225499861328625"/>
<entry key="5" type="xdouble" value="0.05919019290413082"/>
<entry key="6" type="xdouble" value="1.1591255372084873E-10"/>
<entry key="7" type="xdouble" value="-1.442165142746311E-10"/>
<entry key="8" type="xdouble" value="3.107961814177447E-13"/>
<entry key="9" type="xdouble" value="6.575583651103836E-11"/>
<entry key="10" type="xdouble" value="-4.426438279274155E-11"/>
<entry key="11" type="xdouble" value="1.3561932036213103E-10"/>
<entry key="12" type="xdouble" value="1.4341015310462297E-11"/>
<entry key="13" type="xdouble" value="-4.711611013415986E-13"/>
<entry key="14" type="xdouble" value="-2.1895865127959617E-11"/>
<entry key="15" type="xdouble" value="6.710331356481346E-11"/>
<entry key="16" type="xdouble" value="0.012871794387461851"/>
<entry key="17" type="xdouble" value="-0.7040498381350933"/>
<entry key="18" type="xdouble" value="0.7035132834727109"/>
<entry key="19" type="xdouble" value="-2.201177136204885E-11"/>
</config>
<config key="row_19">
<entry key="array-size" type="xint" value="20"/>
<entry key="0" type="xdouble" value="-0.19058190730833657"/>
<entry key="1" type="xdouble" value="-2.1965847382941008E-10"/>
<entry key="2" type="xdouble" value="-4.726110769028338E-10"/>
<entry key="3" type="xdouble" value="0.6778813907433131"/>
<entry key="4" type="xdouble" value="-0.3317299525013846"/>
<entry key="5" type="xdouble" value="0.590966575730036"/>
<entry key="6" type="xdouble" value="1.3271358837870137E-9"/>
<entry key="7" type="xdouble" value="-1.5869853336868273E-9"/>
<entry key="8" type="xdouble" value="1.4023906468983668E-11"/>
<entry key="9" type="xdouble" value="6.476153961584067E-10"/>
<entry key="10" type="xdouble" value="-4.2899793345275755E-10"/>
<entry key="11" type="xdouble" value="0.19058190868467573"/>
<entry key="12" type="xdouble" value="1.2819717430772708E-10"/>
<entry key="13" type="xdouble" value="3.636415640528984E-11"/>
<entry key="14" type="xdouble" value="-2.424439284182631E-10"/>
<entry key="15" type="xdouble" value="6.715406359197595E-10"/>
<entry key="16" type="xdouble" value="-0.0011955640693992239"/>
<entry key="17" type="xdouble" value="0.06539389827566464"/>
<entry key="18" type="xdouble" value="-0.06534406209402023"/>
<entry key="19" type="xdouble" value="-1.5211228285388448E-10"/>
</config>
</config>
</config>
</config>
