<?xml version="1.0" encoding="UTF-8"?>
<config xmlns="http://www.knime.org/2008/09/XMLConfig" xmlns:xsi="http://www.w3.org/2001/XMLSchema-instance" xsi:schemaLocation="http://www.knime.org/2008/09/XMLConfig http://www.knime.org/XMLConfig_2008_09.xsd" key="model.xml">
<entry key="version" type="xint" value="1"/>
<entry key="class_name" type="xstring" value="org.knime.base.node.mine.transformation.port.TransformationPortObject"/>
<config key="model">
<entry key="max_dim_to_reduce_to" type="xint" value="20"/>
<config key="eigenvalues">
<entry key="array-size" type="xint" value="20"/>
<entry key="0" type="xdouble" value="8.916408898950626"/>
<entry key="1" type="xdouble" value="2.452806131178621"/>
<entry key="2" type="xdouble" value="2.2056926647240225"/>
<entry key="3" type="xdouble" value="1.551565618897539"/>
<entry key="4" type="xdouble" value="1.0798948234143442"/>
<entry key="5" type="xdouble" value="0.9127230557918017"/>
<entry key="6" type="xdouble" value="0.6266377928564935"/>
<entry key="7" type="xdouble" value="0.5852579817830988"/>
<entry key="8" type="xdouble" value="0.4889054656469424"/>
<entry key="9" type="xdouble" value="0.3787130030081961"/>
<entry key="10" type="xdouble" value="0.3350908858847336"/>
<entry key="11" type="xdouble" value="0.17410493796339357"/>
<entry key="12" type="xdouble" value="0.13137415625373394"/>
<entry key="13" type="xdouble" value="0.09282756441218012"/>
<entry key="14" type="xdouble" value="0.046278594572584146"/>
<entry key="15" type="xdouble" value="0.013552716076034975"/>
<entry key="16" type="xdouble" value="0.00816570858565457"/>
<entry key="17" type="xdouble" value="0.0"/>
<entry key="18" type="xdouble" value="0.0"/>
<entry key="19" type="xdouble" value="0.0"/>
</config>
<config key="center">
<entry key="array-size" type="xint" value="20"/>
<entry key="0" type="xdouble" value="-1.9534070541671333E-15"/>
<entry key="1" type="xdouble" value="7.319232026015143E-15"/>
<entry key="2" type="xdouble" value="-3.1374574704749747E-15"/>
<entry key="3" type="xdouble" value="4.2847669856627135E-16"/>
<entry key="4" type="xdouble" value="3.4706395743433482E-15"/>
<entry key="5" type="xdouble" value="2.7720881146109377E-15"/>
<entry key="6" type="xdouble" value="-5.901041374295479E-16"/>
<entry key="7" type="xdouble" value="-1.69000013636178E-16"/>
<entry key="8" type="xdouble" value="-1.4099832412739488E-14"/>
<entry key="9" type="xdouble" value="-5.036119091195168E-16"/>
<entry key="10" type="xdouble" value="-2.551561392727386E-15"/>
<entry key="11" type="xdouble" value="-1.9534070541671333E-15"/>
<entry key="12" type="xdouble" value="-7.631807512342714E-15"/>
<entry key="13" type="xdouble" value="2.308483265656136E-15"/>
<entry key="14" type="xdouble" value="-1.604256007550764E-14"/>
<entry key="15" type="xdouble" value="-8.939246912142984E-16"/>
<entry key="16" type="xdouble" value="-5.720250662033521E-16"/>
<entry key="17" type="xdouble" value="-7.496173820564778E-16"/>
<entry key="18" type="xdouble" value="-3.957880030658334E-15"/>
<entry key="19" type="xdouble" value="8.969604572972578E-16"/>
</config>
<entry key="number_rows" type="xint" value="20"/>
<config key="eigenvector">
<config key="row_0">
<entry key="array-size" type="xint" value="20"/>
<entry key="0" type="xdouble" value="0.31513860699429214"/>
<entry key="1" type="xdouble" value="-0.2798348184180262"/>
<entry key="2" type="xdouble" value="0.2794569166419819"/>
<entry key="3" type="xdouble" value="0.30499645476928616"/>
<entry key="4" type="xdouble" value="0.19423858639349353"/>
<entry key="5" type="xdouble" value="-0.24032734874847925"/>
<entry key="6" type="xdouble" value="-0.12561698820234826"/>
<entry key="7" type="xdouble" value="-0.1265792193386476"/>
<entry key="8" type="xdouble" value="-0.22202431399182024"/>
<entry key="9" type="xdouble" value="-0.2750634536869497"/>
<entry key="10" type="xdouble" value="0.2445615480395079"/>
<entry key="11" type="xdouble" value="0.315138606994292"/>
<entry key="12" type="xdouble" value="0.18127003659821045"/>
<entry key="13" type="xdouble" value="0.16335169513024678"/>
<entry key="14" type="xdouble" value="0.1059722805803895"/>
<entry key="15" type="xdouble" value="0.2263713307417471"/>
<entry key="16" type="xdouble" value="0.09817464221649035"/>
<entry key="17" type="xdouble" value="0.22560197023788145"/>
<entry key="18" type="xdouble" value="0.22387690958998085"/>
<entry key="19" type="xdouble" value="-0.08499329121571765"/>
</config>
<config key="row_1">
<entry key="array-size" type="xint" value="20"/>
<entry key="0" type="xdouble" value="-0.0409681377806346"/>
<entry key="1" type="xdouble" value="0.19529247695721333"/>
<entry key="2" type="xdouble" value="-0.01889112266841445"/>
<entry key="3" type="xdouble" value="-0.15059692615371212"/>
<entry key="4" type="xdouble" value="0.17122233107980792"/>
<entry key="5" type="xdouble" value="0.2682860612833619"/>
<entry key="6" type="xdouble" value="-0.29874520253096043"/>
<entry key="7" type="xdouble" value="-0.2428919894805872"/>
<entry key="8" type="xdouble" value="0.34380231869933603"/>
<entry key="9" type="xdouble" value="0.22806622571352006"/>
<entry key="10" type="xdouble" value="0.10442358038084755"/>
<entry key="11" type="xdouble" value="-0.040968137780634656"/>
<entry key="12" type="xdouble" value="-0.10995899714732545"/>
<entry key="13" type="xdouble" value="0.04804250129491874"/>
<entry key="14" type="xdouble" value="0.252247734543769"/>
<entry key="15" type="xdouble" value="0.27148151643651364"/>
<entry key="16" type="xdouble" value="-0.32064177465267724"/>
<entry key="17" type="xdouble" value="0.3263132299239889"/>
<entry key="18" type="xdouble" value="0.3322306821988811"/>
<entry key="19" type="xdouble" value="-0.18278576314634373"/>
</config>
<config key="row_2">
<entry key="array-size" type="xint" value="20"/>
<entry key="0" type="xdouble" value="0.01658165820210178"/>
<entry key="1" type="xdouble" value="0.09454142302292194"/>
<entry key="2" type="xdouble" value="0.04101245299473219"/>
<entry key="3" type="xdouble" value="-0.06867089766511354"/>
<entry key="4" type="xdouble" value="0.11893807886870097"/>
<entry key="5" type="xdouble" value="0.14522312380707286"/>
<entry key="6" type="xdouble" value="0.5106008275522451"/>
<entry key="7" type="xdouble" value="0.5321929385115368"/>
<entry key="8" type="xdouble" value="-0.21815637962421283"/>
<entry key="9" type="xdouble" value="-0.11715347758155123"/>
<entry key="10" type="xdouble" value="-0.09954601797082512"/>
<entry key="11" type="xdouble" value="0.01658165820210191"/>
<entry key="12" type="xdouble" value="-0.0025519735694477567"/>
<entry key="13" type="xdouble" value="-0.032859892432667306"/>
<entry key="14" type="xdouble" value="0.2696433208982824"/>
<entry key="15" type="xdouble" value="0.046066440930677695"/>
<entry key="16" type="xdouble" value="-0.18820184487147806"/>
<entry key="17" type="xdouble" value="0.13442238156636918"/>
<entry key="18" type="xdouble" value="0.13788043112675635"/>
<entry key="19" type="xdouble" value="-0.4304566783674202"/>
</config>
<config key="row_3">
<entry key="array-size" type="xint" value="20"/>
<entry key="0" type="xdouble" value="-0.24555661732754633"/>
<entry key="1" type="xdouble" value="-0.22238659189231985"/>
<entry key="2" type="xdouble" value="-0.3565340434691813"/>
<entry key="3" type="xdouble" value="-0.05003197594638425"/>
<entry key="4" type="xdouble" value="-0.5502897478645048"/>
<entry key="5" type="xdouble" value="-0.2509483482584929"/>
<entry key="6" type="xdouble" value="0.009975676824894962"/>
<entry key="7" type="xdouble" value="-0.029023585586883702"/>
<entry key="8" type="xdouble" value="-0.15141484959042845"/>
<entry key="9" type="xdouble" value="-0.04121175945439596"/>
<entry key="10" type="xdouble" value="-0.126268724142947"/>
<entry key="11" type="xdouble" value="-0.24555661732754613"/>
<entry key="12" type="xdouble" value="0.08618777203831952"/>
<entry key="13" type="xdouble" value="0.032432649000597606"/>
<entry key="14" type="xdouble" value="-0.008790987272622374"/>
<entry key="15" type="xdouble" value="0.251136680499855"/>
<entry key="16" type="xdouble" value="0.12151030535316434"/>
<entry key="17" type="xdouble" value="0.318510806536986"/>
<entry key="18" type="xdouble" value="0.3163861768154948"/>
<entry key="19" type="xdouble" value="-0.07129329228777134"/>
</config>
<config key="row_4">
<entry key="array-size" type="xint" value="20"/>
<entry key="0" type="xdouble" value="0.050960931343645835"/>
<entry key="1" type="xdouble" value="-0.011358890602440918"/>
<entry key="2" type="xdouble" value="0.059920920936186325"/>
<entry key="3" type="xdouble" value="-0.03490554987719813"/>
<entry key="4" type="xdouble" value="0.11951342063115004"/>
<entry key="5" type="xdouble" value="0.10689513464469556"/>
<entry key="6" type="xdouble" value="0.08324395236960443"/>
<entry key="7" type="xdouble" value="0.0945595733015785"/>
<entry key="8" type="xdouble" value="0.041582569852654155"/>
<entry key="9" type="xdouble" value="-0.047641700364322394"/>
<entry key="10" type="xdouble" value="0.10959496233596816"/>
<entry key="11" type="xdouble" value="0.050960931343645766"/>
<entry key="12" type="xdouble" value="-0.5796137534773763"/>
<entry key="13" type="xdouble" value="-0.302499920219341"/>
<entry key="14" type="xdouble" value="-0.5280032796281909"/>
<entry key="15" type="xdouble" value="0.17574023135936417"/>
<entry key="16" type="xdouble" value="0.34812820762381586"/>
<entry key="17" type="xdouble" value="0.19150669867520773"/>
<entry key="18" type="xdouble" value="0.18522744679861544"/>
<entry key="19" type="xdouble" value="-0.05449188978614777"/>
</config>
<config key="row_5">
<entry key="array-size" type="xint" value="20"/>
<entry key="0" type="xdouble" value="-0.0545778282555467"/>
<entry key="1" type="xdouble" value="0.15412546699052376"/>
<entry key="2" type="xdouble" value="0.012927778141139013"/>
<entry key="3" type="xdouble" value="-0.19647899040605904"/>
<entry key="4" type="xdouble" value="0.09108781872460091"/>
<entry key="5" type="xdouble" value="0.27592244129194315"/>
<entry key="6" type="xdouble" value="0.14441108363888588"/>
<entry key="7" type="xdouble" value="0.1637203117663495"/>
<entry key="8" type="xdouble" value="-0.08062764889890356"/>
<entry key="9" type="xdouble" value="0.0026700226103563898"/>
<entry key="10" type="xdouble" value="0.09202583413307391"/>
<entry key="11" type="xdouble" value="-0.05457782825554648"/>
<entry key="12" type="xdouble" value="0.09282034645896027"/>
<entry key="13" type="xdouble" value="0.7018743997171362"/>
<entry key="14" type="xdouble" value="-0.14430766306916348"/>
<entry key="15" type="xdouble" value="0.22921388783397192"/>
<entry key="16" type="xdouble" value="0.21365356492932958"/>
<entry key="17" type="xdouble" value="0.06047582108323816"/>
<entry key="18" type="xdouble" value="0.05660690645296037"/>
<entry key="19" type="xdouble" value="0.39665406025025046"/>
</config>
<config key="row_6">
<entry key="array-size" type="xint" value="20"/>
<entry key="0" type="xdouble" value="-0.008846523882874916"/>
<entry key="1" type="xdouble" value="0.21566309375217355"/>
<entry key="2" type="xdouble" value="0.07761995121475884"/>
<entry key="3" type="xdouble" value="-0.016283907052059076"/>
<entry key="4" type="xdouble" value="0.10394648395785545"/>
<entry key="5" type="xdouble" value="0.07686038969340736"/>
<entry key="6" type="xdouble" value="0.055597462999857315"/>
<entry key="7" type="xdouble" value="0.056660794243190656"/>
<entry key="8" type="xdouble" value="0.10637760477171772"/>
<entry key="9" type="xdouble" value="0.21267864679746998"/>
<entry key="10" type="xdouble" value="-0.035408636651979235"/>
<entry key="11" type="xdouble" value="-0.008846523882874683"/>
<entry key="12" type="xdouble" value="0.4645649416697186"/>
<entry key="13" type="xdouble" value="-0.4336685429177331"/>
<entry key="14" type="xdouble" value="0.255884702968947"/>
<entry key="15" type="xdouble" value="0.14696776188293648"/>
<entry key="16" type="xdouble" value="0.5874565329693628"/>
<entry key="17" type="xdouble" value="0.07835934204725496"/>
<entry key="18" type="xdouble" value="0.06769803735758338"/>
<entry key="19" type="xdouble" value="0.1394019893072816"/>
</config>
<config key="row_7">
<entry key="array-size" type="xint" value="20"/>
<entry key="0" type="xdouble" value="-0.07809332821445476"/>
<entry key="1" type="xdouble" value="-0.0067962410152544225"/>
<entry key="2" type="xdouble" value="-0.030089087938777227"/>
<entry key="3" type="xdouble" value="-0.1006168987494447"/>
<entry key="4" type="xdouble" value="-0.12076276593262608"/>
<entry key="5" type="xdouble" value="0.047533821165094775"/>
<entry key="6" type="xdouble" value="-0.07777306568160233"/>
<entry key="7" type="xdouble" value="-0.054758182575591084"/>
<entry key="8" type="xdouble" value="0.0816979276358285"/>
<entry key="9" type="xdouble" value="0.07623840966367623"/>
<entry key="10" type="xdouble" value="0.45991925877149786"/>
<entry key="11" type="xdouble" value="-0.07809332821445444"/>
<entry key="12" type="xdouble" value="-0.010456215278563564"/>
<entry key="13" type="xdouble" value="0.2709209183703548"/>
<entry key="14" type="xdouble" value="0.07429163848027531"/>
<entry key="15" type="xdouble" value="-0.2762938384421387"/>
<entry key="16" type="xdouble" value="0.4297641432277882"/>
<entry key="17" type="xdouble" value="-0.1068969948036376"/>
<entry key="18" type="xdouble" value="-0.11474022754585966"/>
<entry key="19" type="xdouble" value="-0.6018058302382809"/>
</config>
<config key="row_8">
<entry key="array-size" type="xint" value="20"/>
<entry key="0" type="xdouble" value="-0.022848973479461302"/>
<entry key="1" type="xdouble" value="0.12996834740366123"/>
<entry key="2" type="xdouble" value="0.10276785917278003"/>
<entry key="3" type="xdouble" value="0.0195583008713838"/>
<entry key="4" type="xdouble" value="-0.04807391860922796"/>
<entry key="5" type="xdouble" value="-0.04931414544292718"/>
<entry key="6" type="xdouble" value="0.07252725534014993"/>
<entry key="7" type="xdouble" value="0.0826536221852983"/>
<entry key="8" type="xdouble" value="9.73924021661181E-5"/>
<entry key="9" type="xdouble" value="0.22831711599802673"/>
<entry key="10" type="xdouble" value="0.3000939139245993"/>
<entry key="11" type="xdouble" value="-0.02284897347946128"/>
<entry key="12" type="xdouble" value="0.5231918942657324"/>
<entry key="13" type="xdouble" value="-0.09914814677639061"/>
<entry key="14" type="xdouble" value="-0.6167686292754113"/>
<entry key="15" type="xdouble" value="-0.07849783626984198"/>
<entry key="16" type="xdouble" value="-0.3226448597671213"/>
<entry key="17" type="xdouble" value="0.10490596778084078"/>
<entry key="18" type="xdouble" value="0.11080083484871502"/>
<entry key="19" type="xdouble" value="-0.1208018068640228"/>
</config>
<config key="row_9">
<entry key="array-size" type="xint" value="20"/>
<entry key="0" type="xdouble" value="0.027897949507529374"/>
<entry key="1" type="xdouble" value="0.06611563694147368"/>
<entry key="2" type="xdouble" value="-0.038934036896093524"/>
<entry key="3" type="xdouble" value="-0.06566382423476474"/>
<entry key="4" type="xdouble" value="0.22807283567222916"/>
<entry key="5" type="xdouble" value="0.20290763631762634"/>
<entry key="6" type="xdouble" value="-0.1991820562171431"/>
<entry key="7" type="xdouble" value="-0.2325827458839753"/>
<entry key="8" type="xdouble" value="-0.14462747807172868"/>
<entry key="9" type="xdouble" value="-0.16279452564889332"/>
<entry key="10" type="xdouble" value="-0.6540833167331943"/>
<entry key="11" type="xdouble" value="0.02789794950752936"/>
<entry key="12" type="xdouble" value="0.2030383105698269"/>
<entry key="13" type="xdouble" value="0.13041566857458156"/>
<entry key="14" type="xdouble" value="-0.2729175129322026"/>
<entry key="15" type="xdouble" value="-0.22230011669817734"/>
<entry key="16" type="xdouble" value="0.16090062711016692"/>
<entry key="17" type="xdouble" value="0.09812418516572032"/>
<entry key="18" type="xdouble" value="0.0952245530477153"/>
<entry key="19" type="xdouble" value="-0.31515747765766067"/>
</config>
<config key="row_10">
<entry key="array-size" type="xint" value="20"/>
<entry key="0" type="xdouble" value="-0.09674087593539481"/>
<entry key="1" type="xdouble" value="-0.023363492097090623"/>
<entry key="2" type="xdouble" value="-0.059043802548301764"/>
<entry key="3" type="xdouble" value="-0.35619085561453995"/>
<entry key="4" type="xdouble" value="-0.01744397389178625"/>
<entry key="5" type="xdouble" value="0.39795119609092505"/>
<entry key="6" type="xdouble" value="-0.1506709397193108"/>
<entry key="7" type="xdouble" value="-0.17770303365306692"/>
<entry key="8" type="xdouble" value="-0.43840948938157415"/>
<entry key="9" type="xdouble" value="-0.45226133464387164"/>
<entry key="10" type="xdouble" value="0.3291716190475367"/>
<entry key="11" type="xdouble" value="-0.09674087593539485"/>
<entry key="12" type="xdouble" value="0.10104098811391483"/>
<entry key="13" type="xdouble" value="-0.3075983640581886"/>
<entry key="14" type="xdouble" value="0.05401615892238197"/>
<entry key="15" type="xdouble" value="-0.015877435074425805"/>
<entry key="16" type="xdouble" value="-0.09515809814596099"/>
<entry key="17" type="xdouble" value="-0.0372711559150755"/>
<entry key="18" type="xdouble" value="-0.03555075403650208"/>
<entry key="19" type="xdouble" value="0.11237360847557891"/>
</config>
<config key="row_11">
<entry key="array-size" type="xint" value="20"/>
<entry key="0" type="xdouble" value="-0.005095975979483941"/>
<entry key="1" type="xdouble" value="0.0923856668317412"/>
<entry key="2" type="xdouble" value="0.06036720083190839"/>
<entry key="3" type="xdouble" value="0.034589392255033616"/>
<entry key="4" type="xdouble" value="-0.02106488823770822"/>
<entry key="5" type="xdouble" value="-0.051391990375200175"/>
<entry key="6" type="xdouble" value="0.06101109481091646"/>
<entry key="7" type="xdouble" value="0.010754155391734075"/>
<entry key="8" type="xdouble" value="-0.04075165080132983"/>
<entry key="9" type="xdouble" value="0.014396047192520474"/>
<entry key="10" type="xdouble" value="0.0943940531524925"/>
<entry key="11" type="xdouble" value="-0.0050959759794837675"/>
<entry key="12" type="xdouble" value="-0.11703052535412976"/>
<entry key="13" type="xdouble" value="0.01886994242063167"/>
<entry key="14" type="xdouble" value="0.14191423991377458"/>
<entry key="15" type="xdouble" value="-0.7456876348185536"/>
<entry key="16" type="xdouble" value="0.03505092940722343"/>
<entry key="17" type="xdouble" value="0.37601790704151467"/>
<entry key="18" type="xdouble" value="0.3754807634863604"/>
<entry key="19" type="xdouble" value="0.3082620910546135"/>
</config>
<config key="row_12">
<entry key="array-size" type="xint" value="20"/>
<entry key="0" type="xdouble" value="-0.018974384649283603"/>
<entry key="1" type="xdouble" value="0.1886637191149654"/>
<entry key="2" type="xdouble" value="0.7934367655031479"/>
<entry key="3" type="xdouble" value="-0.2064143310019285"/>
<entry key="4" type="xdouble" value="-0.4654700936329395"/>
<entry key="5" type="xdouble" value="-0.024434204508675474"/>
<entry key="6" type="xdouble" value="-0.021550212727377217"/>
<entry key="7" type="xdouble" value="-0.1122640963528342"/>
<entry key="8" type="xdouble" value="-0.11043585800369723"/>
<entry key="9" type="xdouble" value="0.045908360628759005"/>
<entry key="10" type="xdouble" value="-0.16510336825706412"/>
<entry key="11" type="xdouble" value="-0.018974384649283308"/>
<entry key="12" type="xdouble" value="-0.10435924488794861"/>
<entry key="13" type="xdouble" value="0.022356250855000655"/>
<entry key="14" type="xdouble" value="0.03242292790020356"/>
<entry key="15" type="xdouble" value="0.06745996675359707"/>
<entry key="16" type="xdouble" value="-0.006225680689833772"/>
<entry key="17" type="xdouble" value="-0.010932489642303686"/>
<entry key="18" type="xdouble" value="-0.010822196844984113"/>
<entry key="19" type="xdouble" value="-0.04877671603461882"/>
</config>
<config key="row_13">
<entry key="array-size" type="xint" value="20"/>
<entry key="0" type="xdouble" value="0.0654606002190585"/>
<entry key="1" type="xdouble" value="-0.5836222881548075"/>
<entry key="2" type="xdouble" value="0.16009896848307215"/>
<entry key="3" type="xdouble" value="-0.2600733232452261"/>
<entry key="4" type="xdouble" value="-0.12245537228659659"/>
<entry key="5" type="xdouble" value="0.22911105100328114"/>
<entry key="6" type="xdouble" value="-0.04513511591918984"/>
<entry key="7" type="xdouble" value="0.2688539123862405"/>
<entry key="8" type="xdouble" value="0.5557916095742286"/>
<entry key="9" type="xdouble" value="-0.22722996590133246"/>
<entry key="10" type="xdouble" value="-0.07232885679032579"/>
<entry key="11" type="xdouble" value="0.06546060021906097"/>
<entry key="12" type="xdouble" value="0.1798729858208381"/>
<entry key="13" type="xdouble" value="-0.02145912462943998"/>
<entry key="14" type="xdouble" value="-0.03049247116661974"/>
<entry key="15" type="xdouble" value="-0.10172939073297882"/>
<entry key="16" type="xdouble" value="-0.006329676572544572"/>
<entry key="17" type="xdouble" value="0.0398755851451216"/>
<entry key="18" type="xdouble" value="0.04000131021379416"/>
<entry key="19" type="xdouble" value="0.051432708801515334"/>
</config>
<config key="row_14">
<entry key="array-size" type="xint" value="20"/>
<entry key="0" type="xdouble" value="0.10124921278491165"/>
<entry key="1" type="xdouble" value="-0.5111944781991935"/>
<entry key="2" type="xdouble" value="0.01371305901359625"/>
<entry key="3" type="xdouble" value="-0.15374065443210963"/>
<entry key="4" type="xdouble" value="0.06106679834010025"/>
<entry key="5" type="xdouble" value="0.21018623405106188"/>
<entry key="6" type="xdouble" value="-0.013111111784751607"/>
<entry key="7" type="xdouble" value="-0.025345050168592582"/>
<entry key="8" type="xdouble" value="-0.41386159224865776"/>
<entry key="9" type="xdouble" value="0.6816258596066541"/>
<entry key="10" type="xdouble" value="-0.04614770648561574"/>
<entry key="11" type="xdouble" value="0.1012492127849107"/>
<entry key="12" type="xdouble" value="-0.05829229562216856"/>
<entry key="13" type="xdouble" value="-0.02102279323625175"/>
<entry key="14" type="xdouble" value="0.04164774520655162"/>
<entry key="15" type="xdouble" value="-0.03916073792032344"/>
<entry key="16" type="xdouble" value="-0.005832709682686416"/>
<entry key="17" type="xdouble" value="-0.005343564303823416"/>
<entry key="18" type="xdouble" value="-0.005238927664132367"/>
<entry key="19" type="xdouble" value="0.020213208084419943"/>
</config>
<config key="row_15">
<entry key="array-size" type="xint" value="20"/>
<entry key="0" type="xdouble" value="-0.010845774803871456"/>
<entry key="1" type="xdouble" value="-0.1418375783848231"/>
<entry key="2" type="xdouble" value="0.013349203651930009"/>
<entry key="3" type="xdouble" value="-0.033966741880974226"/>
<entry key="4" type="xdouble" value="0.044543040725933465"/>
<entry key="5" type="xdouble" value="0.06382942396237655"/>
<entry key="6" type="xdouble" value="0.7219996982329739"/>
<entry key="7" type="xdouble" value="-0.6478074743059323"/>
<entry key="8" type="xdouble" value="0.165936088712504"/>
<entry key="9" type="xdouble" value="-0.03835274823637903"/>
<entry key="10" type="xdouble" value="0.01931945419774078"/>
<entry key="11" type="xdouble" value="-0.01084577480387793"/>
<entry key="12" type="xdouble" value="0.03890933153180516"/>
<entry key="13" type="xdouble" value="0.007420008675210071"/>
<entry key="14" type="xdouble" value="-0.003430419585104973"/>
<entry key="15" type="xdouble" value="0.0102290442471311"/>
<entry key="16" type="xdouble" value="-0.012855005769761205"/>
<entry key="17" type="xdouble" value="0.002146034311166748"/>
<entry key="18" type="xdouble" value="0.0023803590755308583"/>
<entry key="19" type="xdouble" value="-0.008868845658714264"/>
</config>
<config key="row_16">
<entry key="array-size" type="xint" value="20"/>
<entry key="0" type="xdouble" value="-0.5486204453091524"/>
<entry key="1" type="xdouble" value="-0.2583182586578677"/>
<entry key="2" type="xdouble" value="0.32758703586735644"/>
<entry key="3" type="xdouble" value="0.2443883774651943"/>
<entry key="4" type="xdouble" value="0.39498929308593583"/>
<entry key="5" type="xdouble" value="-0.05851006967971199"/>
<entry key="6" type="xdouble" value="-0.043820962823579966"/>
<entry key="7" type="xdouble" value="0.03393831115216042"/>
<entry key="8" type="xdouble" value="-0.03268858429599351"/>
<entry key="9" type="xdouble" value="-0.019418531699428834"/>
<entry key="10" type="xdouble" value="0.0058211953777145406"/>
<entry key="11" type="xdouble" value="-0.5486204453092048"/>
<entry key="12" type="xdouble" value="-0.010044948861028602"/>
<entry key="13" type="xdouble" value="0.002707104351305458"/>
<entry key="14" type="xdouble" value="0.008689831670239064"/>
<entry key="15" type="xdouble" value="0.009017064266289187"/>
<entry key="16" type="xdouble" value="-0.0025910490752800125"/>
<entry key="17" type="xdouble" value="2.5656340931697627E-4"/>
<entry key="18" type="xdouble" value="3.037468899429656E-4"/>
<entry key="19" type="xdouble" value="6.779169532437301E-4"/>
</config>
<config key="row_17">
<entry key="array-size" type="xint" value="20"/>
<entry key="0" type="xdouble" value="0.09683780778243853"/>
<entry key="1" type="xdouble" value="4.4968276040263516E-10"/>
<entry key="2" type="xdouble" value="1.6371789325916147E-10"/>
<entry key="3" type="xdouble" value="-0.5492620088780674"/>
<entry key="4" type="xdouble" value="0.26876080487801984"/>
<entry key="5" type="xdouble" value="-0.4798423784407713"/>
<entry key="6" type="xdouble" value="-1.1772777284578275E-9"/>
<entry key="7" type="xdouble" value="1.237091420944004E-9"/>
<entry key="8" type="xdouble" value="-1.692253364410463E-10"/>
<entry key="9" type="xdouble" value="-2.1618139714450374E-11"/>
<entry key="10" type="xdouble" value="7.23256124522193E-11"/>
<entry key="11" type="xdouble" value="-0.09683780739896716"/>
<entry key="12" type="xdouble" value="-2.879499583169742E-10"/>
<entry key="13" type="xdouble" value="4.5618272451660314E-12"/>
<entry key="14" type="xdouble" value="1.9204058791434092E-10"/>
<entry key="15" type="xdouble" value="-4.1501800981644046E-10"/>
<entry key="16" type="xdouble" value="0.00789386423372553"/>
<entry key="17" type="xdouble" value="-0.4342310439655533"/>
<entry key="18" type="xdouble" value="0.4341153448370028"/>
<entry key="19" type="xdouble" value="1.6160921221535364E-10"/>
</config>
<config key="row_18">
<entry key="array-size" type="xint" value="20"/>
<entry key="0" type="xdouble" value="0.7004444581720384"/>
<entry key="1" type="xdouble" value="-6.215963712386165E-11"/>
<entry key="2" type="xdouble" value="-2.2646206981843594E-11"/>
<entry key="3" type="xdouble" value="0.07593654006840966"/>
<entry key="4" type="xdouble" value="-0.03715670353778195"/>
<entry key="5" type="xdouble" value="0.06633914126233206"/>
<entry key="6" type="xdouble" value="1.6275930816192125E-10"/>
<entry key="7" type="xdouble" value="-1.7102821277144452E-10"/>
<entry key="8" type="xdouble" value="2.3397363647686237E-11"/>
<entry key="9" type="xdouble" value="2.9888737575004656E-12"/>
<entry key="10" type="xdouble" value="-9.99958469875647E-12"/>
<entry key="11" type="xdouble" value="-0.700444458225013"/>
<entry key="12" type="xdouble" value="3.98104018981926E-11"/>
<entry key="13" type="xdouble" value="-6.307502667244877E-13"/>
<entry key="14" type="xdouble" value="-2.6550361576482535E-11"/>
<entry key="15" type="xdouble" value="5.737647546524056E-11"/>
<entry key="16" type="xdouble" value="-0.0010913420734592776"/>
<entry key="17" type="xdouble" value="0.060033285834490725"/>
<entry key="18" type="xdouble" value="-0.060017290205086296"/>
<entry key="19" type="xdouble" value="-2.234273107436392E-11"/>
</config>
<config key="row_19">
<entry key="array-size" type="xint" value="20"/>
<entry key="0" type="xdouble" value="0.0"/>
<entry key="1" type="xdouble" value="3.5944727362875974E-10"/>
<entry key="2" type="xdouble" value="1.284205013010087E-10"/>
<entry key="3" type="xdouble" value="-0.43805156604608225"/>
<entry key="4" type="xdouble" value="0.214344137344782"/>
<entry key="5" type="xdouble" value="-0.38268750056484635"/>
<entry key="6" type="xdouble" value="-9.200762445859755E-10"/>
<entry key="7" type="xdouble" value="9.697331140552529E-10"/>
<entry key="8" type="xdouble" value="-1.3569073192767405E-10"/>
<entry key="9" type="xdouble" value="-1.7587995742084355E-11"/>
<entry key="10" type="xdouble" value="5.967538996923221E-11"/>
<entry key="11" type="xdouble" value="3.055469567872448E-10"/>
<entry key="12" type="xdouble" value="-2.31458423625162E-10"/>
<entry key="13" type="xdouble" value="8.514669124707208E-12"/>
<entry key="14" type="xdouble" value="1.499556961817497E-10"/>
<entry key="15" type="xdouble" value="-3.3161332076606536E-10"/>
<entry key="16" type="xdouble" value="-0.010087105627475132"/>
<entry key="17" type="xdouble" value="0.5548783624256652"/>
<entry key="18" type="xdouble" value="-0.5547305169123103"/>
<entry key="19" type="xdouble" value="1.365397378945386E-10"/>
</config>
</config>
</config>
</config>
