<?xml version="1.0" encoding="UTF-8"?>
<config xmlns="http://www.knime.org/2008/09/XMLConfig" xmlns:xsi="http://www.w3.org/2001/XMLSchema-instance" xsi:schemaLocation="http://www.knime.org/2008/09/XMLConfig http://www.knime.org/XMLConfig_2008_09.xsd" key="model.xml">
<entry key="version" type="xint" value="1"/>
<entry key="class_name" type="xstring" value="org.knime.base.data.normalize.NormalizerPortObject"/>
<config key="model">
<config key="columns">
<config key="meanfreq">
<entry key="column_name" type="xstring" value="meanfreq"/>
<entry key="column_scale" type="xdouble" value="32.98691734989368"/>
<entry key="column_translate" type="xdouble" value="-5.934344464879905"/>
<entry key="column_min" type="xdouble" value="NaN"/>
<entry key="column_max" type="xdouble" value="NaN"/>
</config>
<config key="sd">
<entry key="column_name" type="xstring" value="sd"/>
<entry key="column_scale" type="xdouble" value="59.592466992117664"/>
<entry key="column_translate" type="xdouble" value="-3.4377522946336962"/>
<entry key="column_min" type="xdouble" value="NaN"/>
<entry key="column_max" type="xdouble" value="NaN"/>
</config>
<config key="median">
<entry key="column_name" type="xstring" value="median"/>
<entry key="column_scale" type="xdouble" value="27.06597369560426"/>
<entry key="column_translate" type="xdouble" value="-5.004850660397409"/>
<entry key="column_min" type="xdouble" value="NaN"/>
<entry key="column_max" type="xdouble" value="NaN"/>
</config>
<config key="Q25">
<entry key="column_name" type="xstring" value="Q25"/>
<entry key="column_scale" type="xdouble" value="20.28526171619599"/>
<entry key="column_translate" type="xdouble" value="-2.81745961899164"/>
<entry key="column_min" type="xdouble" value="NaN"/>
<entry key="column_max" type="xdouble" value="NaN"/>
</config>
<config key="Q75">
<entry key="column_name" type="xstring" value="Q75"/>
<entry key="column_scale" type="xdouble" value="41.45665359427743"/>
<entry key="column_translate" type="xdouble" value="-9.290947314008209"/>
<entry key="column_min" type="xdouble" value="NaN"/>
<entry key="column_max" type="xdouble" value="NaN"/>
</config>
<config key="IQR">
<entry key="column_name" type="xstring" value="IQR"/>
<entry key="column_scale" type="xdouble" value="23.219965782535397"/>
<entry key="column_translate" type="xdouble" value="-1.9788142821411758"/>
<entry key="column_min" type="xdouble" value="NaN"/>
<entry key="column_max" type="xdouble" value="NaN"/>
</config>
<config key="skew">
<entry key="column_name" type="xstring" value="skew"/>
<entry key="column_scale" type="xdouble" value="0.2461698994476794"/>
<entry key="column_translate" type="xdouble" value="-0.7593444520811531"/>
<entry key="column_min" type="xdouble" value="NaN"/>
<entry key="column_max" type="xdouble" value="NaN"/>
</config>
<config key="kurt">
<entry key="column_name" type="xstring" value="kurt"/>
<entry key="column_scale" type="xdouble" value="0.007960776370384854"/>
<entry key="column_translate" type="xdouble" value="-0.272477253217217"/>
<entry key="column_min" type="xdouble" value="NaN"/>
<entry key="column_max" type="xdouble" value="NaN"/>
</config>
<config key="sp.ent">
<entry key="column_name" type="xstring" value="sp.ent"/>
<entry key="column_scale" type="xdouble" value="22.2589297050166"/>
<entry key="column_translate" type="xdouble" value="-19.949637746385818"/>
<entry key="column_min" type="xdouble" value="NaN"/>
<entry key="column_max" type="xdouble" value="NaN"/>
</config>
<config key="sfm">
<entry key="column_name" type="xstring" value="sfm"/>
<entry key="column_scale" type="xdouble" value="5.565184149060259"/>
<entry key="column_translate" type="xdouble" value="-2.303992307285584"/>
<entry key="column_min" type="xdouble" value="NaN"/>
<entry key="column_max" type="xdouble" value="NaN"/>
</config>
<config key="mode">
<entry key="column_name" type="xstring" value="mode"/>
<entry key="column_scale" type="xdouble" value="12.875212650014944"/>
<entry key="column_translate" type="xdouble" value="-2.102526678799052"/>
<entry key="column_min" type="xdouble" value="NaN"/>
<entry key="column_max" type="xdouble" value="NaN"/>
</config>
<config key="centroid">
<entry key="column_name" type="xstring" value="centroid"/>
<entry key="column_scale" type="xdouble" value="32.98691734989368"/>
<entry key="column_translate" type="xdouble" value="-5.934344464879905"/>
<entry key="column_min" type="xdouble" value="NaN"/>
<entry key="column_max" type="xdouble" value="NaN"/>
</config>
<config key="meanfun">
<entry key="column_name" type="xstring" value="meanfun"/>
<entry key="column_scale" type="xdouble" value="30.631016904639505"/>
<entry key="column_translate" type="xdouble" value="-4.36857415335631"/>
<entry key="column_min" type="xdouble" value="NaN"/>
<entry key="column_max" type="xdouble" value="NaN"/>
</config>
<config key="minfun">
<entry key="column_name" type="xstring" value="minfun"/>
<entry key="column_scale" type="xdouble" value="51.56374685903051"/>
<entry key="column_translate" type="xdouble" value="-1.880195528862092"/>
<entry key="column_min" type="xdouble" value="NaN"/>
<entry key="column_max" type="xdouble" value="NaN"/>
</config>
<config key="maxfun">
<entry key="column_name" type="xstring" value="maxfun"/>
<entry key="column_scale" type="xdouble" value="32.719301740807936"/>
<entry key="column_translate" type="xdouble" value="-8.45913128428775"/>
<entry key="column_min" type="xdouble" value="NaN"/>
<entry key="column_max" type="xdouble" value="NaN"/>
</config>
<config key="meandom">
<entry key="column_name" type="xstring" value="meandom"/>
<entry key="column_scale" type="xdouble" value="1.9102779292260452"/>
<entry key="column_translate" type="xdouble" value="-1.5628460191365978"/>
<entry key="column_min" type="xdouble" value="NaN"/>
<entry key="column_max" type="xdouble" value="NaN"/>
</config>
<config key="mindom">
<entry key="column_name" type="xstring" value="mindom"/>
<entry key="column_scale" type="xdouble" value="15.716284971686719"/>
<entry key="column_translate" type="xdouble" value="-0.8156036791182127"/>
<entry key="column_min" type="xdouble" value="NaN"/>
<entry key="column_max" type="xdouble" value="NaN"/>
</config>
<config key="maxdom">
<entry key="column_name" type="xstring" value="maxdom"/>
<entry key="column_scale" type="xdouble" value="0.28570554921898883"/>
<entry key="column_translate" type="xdouble" value="-1.4305357941835715"/>
<entry key="column_min" type="xdouble" value="NaN"/>
<entry key="column_max" type="xdouble" value="NaN"/>
</config>
<config key="dfrange">
<entry key="column_name" type="xstring" value="dfrange"/>
<entry key="column_scale" type="xdouble" value="0.2857816947346661"/>
<entry key="column_translate" type="xdouble" value="-1.4160862873313191"/>
<entry key="column_min" type="xdouble" value="NaN"/>
<entry key="column_max" type="xdouble" value="NaN"/>
</config>
<config key="modindx">
<entry key="column_name" type="xstring" value="modindx"/>
<entry key="column_scale" type="xdouble" value="8.610568553780123"/>
<entry key="column_translate" type="xdouble" value="-1.4831497133382885"/>
<entry key="column_min" type="xdouble" value="NaN"/>
<entry key="column_max" type="xdouble" value="NaN"/>
</config>
</config>
<entry key="summary" type="xstring" value="Z-Score (Gaussian) normalization on 20 column(s)"/>
</config>
</config>
